-- phpMyAdmin SQL Dump
-- version 4.4.11
-- http://www.phpmyadmin.net
--
-- Servidor: 127.0.0.1
-- Tiempo de generación: 01-08-2015 a las 23:57:39
-- Versión del servidor: 5.6.16
-- Versión de PHP: 5.5.9

SET SQL_MODE = "NO_AUTO_VALUE_ON_ZERO";
SET time_zone = "+00:00";


/*!40101 SET @OLD_CHARACTER_SET_CLIENT=@@CHARACTER_SET_CLIENT */;
/*!40101 SET @OLD_CHARACTER_SET_RESULTS=@@CHARACTER_SET_RESULTS */;
/*!40101 SET @OLD_COLLATION_CONNECTION=@@COLLATION_CONNECTION */;
/*!40101 SET NAMES utf8mb4 */;

--
-- Base de datos: `safes`
--
CREATE DATABASE IF NOT EXISTS `safes` DEFAULT CHARACTER SET utf8 COLLATE utf8_spanish_ci;
USE `safes`;

-- --------------------------------------------------------

--
-- Estructura de tabla para la tabla `action`
--

CREATE TABLE IF NOT EXISTS `action` (
  `ACT_CORREL` int(10) unsigned NOT NULL,
  `CON_CORREL` int(10) unsigned NOT NULL,
  `ACT_NOMBRE` varchar(200) COLLATE utf8_spanish_ci NOT NULL,
  `ACT_FICTICIO` varchar(200) COLLATE utf8_spanish_ci NOT NULL
) ENGINE=InnoDB AUTO_INCREMENT=28 DEFAULT CHARSET=utf8 COLLATE=utf8_spanish_ci;

--
-- Volcado de datos para la tabla `action`
--

INSERT INTO `action` (`ACT_CORREL`, `CON_CORREL`, `ACT_NOMBRE`, `ACT_FICTICIO`) VALUES
(5, 1, 'index', 'Inicio Empresa'),
(6, 1, 'view', 'Ver Empresa'),
(7, 1, 'create', 'Crear Empresa'),
(8, 1, 'update', 'Actualizar Empresa'),
(9, 1, 'admin', 'Administrar Empresa'),
(10, 1, 'delete', 'Eliminar Empresa'),
(11, 3, 'create', 'Crear Persona'),
(12, 3, 'update', 'Actualizar Persona'),
(13, 3, 'admin', 'Administrar Personas'),
(14, 3, 'delete', 'Eliminar Persona'),
(15, 3, 'index', 'Inicio Personas'),
(16, 3, 'view', 'Ver Personas'),
(17, 4, 'index', 'Inicio Usuario'),
(18, 4, 'action', 'Administrar Funcionalidad'),
(19, 4, 'admin', 'Administrar Usuarios'),
(20, 4, 'controller', 'Administrar Controlador'),
(21, 4, 'create', 'Añadir Usuario'),
(22, 4, 'delete', 'Eliminar Usuario'),
(23, 4, 'login', 'Iniciar Sesión'),
(24, 4, 'logout', 'Cerrar Sesión'),
(25, 4, 'modulos', 'Administrar Modulos'),
(26, 4, 'permisos', 'Administrar Permisos'),
(27, 4, 'role', 'Administrar Roles');

-- --------------------------------------------------------

--
-- Estructura de tabla para la tabla `actividad`
--

CREATE TABLE IF NOT EXISTS `actividad` (
  `ACT_CORREL` mediumint(5) unsigned NOT NULL,
  `ACT_NOMBRE` varchar(150) COLLATE utf8_spanish_ci NOT NULL,
  `SUB_CORREL` tinyint(3) unsigned NOT NULL
) ENGINE=InnoDB DEFAULT CHARSET=utf8 COLLATE=utf8_spanish_ci;

--
-- Volcado de datos para la tabla `actividad`
--

INSERT INTO `actividad` (`ACT_CORREL`, `ACT_NOMBRE`, `SUB_CORREL`) VALUES
(11111, 'CULTIVO DE TRIGO', 1),
(11112, 'CULTIVO DE MAIZ', 1),
(11113, 'CULTIVO DE AVENA', 1),
(11114, 'CULTIVO DE ARROZ', 1),
(11115, 'CULTIVO DE CEBADA', 1),
(11119, 'CULTIVO DE OTROS CEREALES', 1),
(11121, 'CULTIVO FORRAJEROS EN PRADERAS NATURALES', 1),
(11122, 'CULTIVO FORRAJEROS EN PRADERAS MEJORADAS O SEMBRADAS', 1),
(11131, 'CULTIVO DE POROTOS O FRIJOL', 1),
(11132, 'CULTIVO, PRODUCCIÓN DE LUPINO', 1),
(11139, 'CULTIVO DE OTRAS LEGUMBRES', 1),
(11141, 'CULTIVO DE PAPAS', 1),
(11142, 'CULTIVO DE CAMOTES O BATATAS', 1),
(11149, 'CULTIVO DE OTROS TUBÉRCULOS N.C.P', 1),
(11151, 'CULTIVO DE RAPS', 1),
(11152, 'CULTIVO DE MARAVILLA', 1),
(11159, 'CULTIVO DE OTRAS OLEAGINOSAS N.C.P.', 1),
(11160, 'PRODUCCIÓN DE SEMILLAS DE CEREALES, LEGUMBRES, OLEAGINOSAS', 1),
(11191, 'CULTIVO DE REMOLACHA', 1),
(11192, 'CULTIVO DE TABACO', 1),
(11193, 'CULTIVO DE FIBRAS VEGETALES INDUSTRIALES', 1),
(11194, 'CULTIVO DE PLANTAS AROMÁTICAS O MEDICINALES', 1),
(11199, 'OTROS CULTIVOS N.C.P.', 1),
(11211, 'CULTIVO TRADICIONAL DE HORTALIZAS FRESCAS', 1),
(11212, 'CULTIVO DE HORTALIZAS EN INVERNADEROS Y CULTIVOS HIDROPONICOS', 1),
(11213, 'CULTIVO ORGÁNICO DE HORTALIZAS', 1),
(11220, 'CULTIVO DE PLANTAS VIVAS Y PRODUCTOS DE LA FLORICULTURA', 1),
(11230, 'PRODUCCIÓN DE SEMILLAS DE FLORES, PRADOS, FRUTAS Y HORTALIZAS', 1),
(11240, 'PRODUCCIÓN EN VIVEROS; EXCEPTO ESPECIES FORESTALES', 1),
(11250, 'CULTIVO Y RECOLECCIÓN DE HONGOS, TRUFAS Y SAVIA; PRODUCCIÓN DE JARABE DE ARCE DE AZÚCAR Y AZÚCAR', 1),
(11311, 'CULTIVO DE UVA DESTINADA A PRODUCCIÓN DE PISCO Y AGUARDIENTE', 1),
(11312, 'CULTIVO DE UVA DESTINADA A PRODUCCIÓN DE VINO', 1),
(11313, 'CULTIVO DE UVA DE MESA', 1),
(11321, 'CULTIVO DE FRUTALES EN ÁRBOLES O ARBUSTOS CON CICLO DE VIDA MAYOR A UNA TEMPORADA', 1),
(11322, 'CULTIVO DE FRUTALES MENORES EN PLANTAS CON CICLO DE VIDA DE UNA TEMPORADA', 1),
(11330, 'CULTIVO DE PLANTAS CUYAS HOJAS O FRUTAS SE UTILIZAN PARA PREPARAR BEBIDAS', 1),
(11340, 'CULTIVO DE ESPECIAS', 1),
(12111, 'CRÍA DE GANADO BOVINO PARA LA PRODUCCIÓN LECHERA', 2),
(12112, 'CRÍA DE GANADO PARA PRODUCCIÓN DE CARNE, O COMO GANADO REPRODUCTOR', 2),
(12120, 'CRÍA DE GANADO OVINO Y/O EXPLOTACIÓN LANERA', 2),
(12130, 'CRÍA DE EQUINOS (CABALLARES, MULARES)', 2),
(12210, 'CRÍA DE PORCINOS', 2),
(12221, 'CRÍA DE AVES DE CORRAL PARA LA PRODUCCIÓN DE CARNE', 2),
(12222, 'CRÍA DE AVES DE CORRAL PARA LA PRODUCCIÓN DE HUEVOS', 2),
(12223, 'CRÍA DE AVES FINAS O NO TRADICIONALES', 2),
(12230, 'CRÍA DE ANIMALES DOMÉSTICOS; PERROS Y GATOS', 2),
(12240, 'APICULTURA', 2),
(12250, 'RANICULTURA, HELICICULTURA U OTRA ACTIVIDAD CON ANIMALES MENORES O INSECTOS', 2),
(12290, 'OTRAS EXPLOTACIONES DE ANIMALES NO CLASIFICADOS EN OTRA PARTE, INCLUIDO SUS SUBPRODUCTOS', 2),
(13000, 'EXPLOTACIÓN MIXTA', 3),
(14011, 'SERVICIO DE CORTE Y ENFARDADO DE FORRAJE', 4),
(14012, 'SERVICIO DE RECOLECCIÓN, EMPACADO, TRILLA, DESCASCARAMIENTO Y DESGRANE; Y SIMILARES', 4),
(14013, 'SERVICIO DE ROTURACIÓN SIEMBRA Y SIMILARES', 4),
(14014, 'DESTRUCCIÓN DE PLAGAS; PULVERIZACIONES, FUMIGACIONES U OTRAS', 4),
(14015, 'COSECHA, PODA, AMARRE Y LABORES DE ADECUACIÓN DE LA PLANTA U OTRAS', 4),
(14019, 'OTROS SERVICIOS AGRÍCOLAS N.C.P.', 4),
(14021, 'SERVICIOS DE ADIESTRAMIENTO, GUARDERÍA Y CUIDADOS DE MASCOTAS; EXCEPTO ACTIVIDADES VETERINARIAS', 4),
(14022, 'SERVICIOS GANADEROS, EXCEPTO ACTIVIDADES VETERINARIAS', 4),
(15010, 'CAZA DE MAMÍFEROS MARINOS; EXCEPTO BALLENAS', 5),
(15090, 'CAZA ORDINARIA Y MEDIANTE TRAMPAS, Y ACTIVIDADES DE SERVICIOS CONEXAS', 5),
(20010, 'EXPLOTACIÓN DE BOSQUES', 6),
(20020, 'RECOLECCIÓN DE PRODUCTOS FORESTALES SILVESTRES', 6),
(20030, 'EXPLOTACIÓN DE VIVEROS DE ESPECIES FORESTALES', 6),
(20041, 'SERVICIOS DE FORESTACIÓN', 6),
(20042, 'SERVICIOS DE CORTA DE MADERA', 6),
(20043, 'SERVICIOS DE CONTROL DE INCENDIOS FORESTALES', 6),
(20049, 'OTRAS ACTIVIDADES DE SERVICIOS CONEXAS A LA SILVICULTURA N.C.P.', 6),
(51010, 'CULTIVO DE ESPECIES ACUÁTICAS EN CUERPO DE AGUA DULCE', 7),
(51020, 'REPRODUCCIÓN Y CRIANZAS DE PECES MARINOS', 7),
(51030, 'CULTIVO, REPRODUCCIÓN Y CRECIMIENTOS DE VEGETALES ACUÁTICOS', 7),
(51040, 'REPRODUCCIÓN Y CRÍA DE MOLUSCOS Y CRUSTACEOS.', 7),
(51090, 'SERVICIOS RELACIONADOS CON LA ACUICULTURA, NO INCLUYE SERVICIOS PROFESIONALES Y DE EXTRACCIÓN', 7),
(52010, 'PESCA INDUSTRIAL', 8),
(52020, 'ACTIVIDAD PESQUERA DE BARCOS FACTORÍAS', 8),
(52030, 'PESCA ARTESANAL. EXTRACCIÓN DE RECURSOS ACUÁTICOS EN GENERAL; INCLUYE BALLENAS', 8),
(52040, 'RECOLECCIÓN DE PRODUCTOS MARINOS, COMO PERLAS NATURALES, ESPONJAS, CORALES Y ALGAS.', 8),
(52050, 'SERVICIOS RELACIONADOS CON LA PESCA, NO INCLUYE SERVICIOS PROFESIONALES', 8),
(100000, 'EXTRACCIÓN, AGLOMERACIÓN DE CARBÓN DE PIEDRA, LIGNITO Y TURBA', 9),
(111000, 'EXTRACCIÓN DE PETRÓLEO CRUDO Y GAS NATURAL', 10),
(112000, 'ACTIVIDADES DE SERVICIOS RELACIONADAS CON LA EXTRACCIÓN DE PETRÓLEO Y GAS', 10),
(120000, 'EXTRACCIÓN DE MINERALES DE URANIO Y TORIO', 11),
(131000, 'EXTRACCIÓN DE MINERALES DE HIERRO', 11),
(132010, 'EXTRACCIÓN DE ORO Y PLATA', 11),
(132020, 'EXTRACCIÓN DE ZINC Y PLOMO', 11),
(132030, 'EXTRACCIÓN DE MANGANESO', 11),
(132090, 'EXTRACCIÓN DE OTROS MINERALES METALÍFEROS N.C.P.', 11),
(133000, 'EXTRACCIÓN DE COBRE', 11),
(141000, 'EXTRACCIÓN DE PIEDRA, ARENA Y ARCILLA', 12),
(142100, 'EXTRACCIÓN DE NITRATOS Y YODO', 12),
(142200, 'EXTRACCIÓN DE SAL', 12),
(142300, 'EXTRACCIÓN DE LITIO Y CLORUROS, EXCEPTO SAL', 12),
(142900, 'EXPLOTACIÓN DE OTRAS MINAS Y CANTERAS N.C.P.', 12),
(151110, 'PRODUCCIÓN, PROCESAMIENTO DE CARNES ROJAS Y PRODUCTOS CÁRNICOS', 13),
(151120, 'CONSERVACIÓN DE CARNES ROJAS (FRIGORÍFICOS)', 13),
(151130, 'PRODUCCIÓN, PROCESAMIENTO Y CONSERVACIÓN DE CARNES DE AVE Y OTRAS CARNES DISTINTAS A LAS ROJAS', 13),
(151140, 'ELABORACIÓN DE CECINAS, EMBUTIDOS Y CARNES EN CONSERVA.', 13),
(151210, 'PRODUCCIÓN DE HARINA DE PESCADO', 13),
(151221, 'FABRICACIÓN DE PRODUCTOS ENLATADOS DE PESCADO Y MARISCOS', 13),
(151222, 'ELABORACIÓN DE CONGELADOS DE PESCADOS Y MARISCOS', 13),
(151223, 'ELABORACIÓN DE PRODUCTOS AHUMADOS, SALADOS, DESHIDRATADOS Y OTROS PROCESOS SIMILARES', 13),
(151230, 'ELABORACIÓN DE PRODUCTOS EN BASE A VEGETALES ACUÁTICOS', 13),
(151300, 'ELABORACIÓN Y CONSERVACIÓN DE FRUTAS, LEGUMBRES Y HORTALIZAS', 13),
(151410, 'ELABORACIÓN DE ACEITES Y GRASAS DE ORIGEN VEGETAL', 13),
(151420, 'ELABORACIÓN DE ACEITES Y GRASAS DE ORIGEN ANIMAL, EXCEPTO LAS MANTEQUILLAS', 13),
(151430, 'ELABORACIÓN DE ACEITES Y GRASAS DE ORIGEN MARINO', 13),
(152010, 'ELABORACIÓN DE LECHE, MANTEQUILLA, PRODUCTOS LÁCTEOS Y DERIVADOS', 14),
(152020, 'ELABORACIÓN DE QUESOS', 14),
(152030, 'FABRICACIÓN DE POSTRES A BASE DE LECHE (HELADOS, SORBETES Y OTROS SIMILARES)', 14),
(153110, 'ELABORACIÓN DE HARINAS DE TRIGO', 15),
(153120, 'ACTIVIDADES DE MOLIENDA DE ARROZ', 15),
(153190, 'ELABORACIÓN DE OTRAS MOLINERAS Y ALIMENTOS A BASE DE CEREALES', 15),
(153210, 'ELABORACIÓN DE ALMIDONES Y PRODUCTOS DERIVADOS DEL ALMIDÓN', 15),
(153220, 'ELABORACIÓN DE GLUCOSA Y OTROS AZÚCARES DIFERENTES DE LA REMOLACHA', 15),
(153300, 'ELABORACIÓN DE ALIMENTOS PREPARADOS PARA ANIMALES', 15),
(154110, 'FABRICACIÓN DE PAN, PRODUCTOS DE PANADERÍA Y PASTELERÍA', 16),
(154120, 'FABRICACIÓN DE GALLETAS', 16),
(154200, 'ELABORACIÓN DE AZÚCAR DE REMOLACHA O CANA', 16),
(154310, 'ELABORACIÓN DE CACAO Y CHOCOLATES', 16),
(154320, 'FABRICACIÓN DE PRODUCTOS DE CONFITERÍA', 16),
(154400, 'ELABORACIÓN DE MACARRONES, FIDEOS, ALCUZCUZ Y PRODUCTOS FARINACEOS SIMILARES', 16),
(154910, 'ELABORACIÓN DE TE, CAFÉ, INFUSIONES', 16),
(154920, 'ELABORACIÓN DE LEVADURAS NATURALES O ARTIFICIALES', 16),
(154930, 'ELABORACIÓN DE VINAGRES, MOSTAZAS, MAYONESAS Y CONDIMENTOS EN GENERAL', 16),
(154990, 'ELABORACIÓN DE OTROS PRODUCTOS ALIMENTICIOS NO CLASIFICADOS EN OTRA PARTE', 16),
(155110, 'ELABORACIÓN DE PISCOS (INDUSTRIAS PISQUERAS)', 17),
(155120, 'ELABORACIÓN DE BEBIDAS ALCOHÓLICAS Y DE ALCOHOL ETÍLICO A PARTIR DE SUSTANCIAS FERMENTADAS Y OTROS', 17),
(155200, 'ELABORACIÓN DE VINOS', 17),
(155300, 'ELABORACIÓN DE BEBIDAS MALTEADAS, CERVEZAS Y MALTAS', 17),
(155410, 'ELABORACIÓN DE BEBIDAS NO ALCOHÓLICAS', 17),
(155420, 'ENVASADO DE AGUA MINERAL NATURAL, DE MANANTIAL Y POTABLE PREPARADA', 17),
(155430, 'ELABORACIÓN DE HIELO', 17),
(160010, 'FABRICACIÓN DE CIGARROS Y CIGARRILLOS', 18),
(160090, 'FABRICACIÓN DE OTROS PRODUCTOS DEL TABACO', 18),
(171100, 'PREPARACIÓN DE HILATURA DE FIBRAS TEXTILES; TEJEDURA PROD. TEXTILES', 19),
(171200, 'ACABADO DE PRODUCTOS TEXTIL', 19),
(172100, 'FABRICACIÓN DE ARTÍCULOS CONFECCIONADOS DE MATERIAS TEXTILES, EXCEPTO PRENDAS DE VESTIR', 20),
(172200, 'FABRICACIÓN DE TAPICES Y ALFOMBRA', 20),
(172300, 'FABRICACIÓN DE CUERDAS, CORDELES, BRAMANTES Y REDES', 20),
(172910, 'FABRICACIÓN DE TEJIDOS DE USO INDUSTRIAL COMO TEJIDOS IMPREGNADOS, MOLTOPRENE, BATISTA, ETC.', 20),
(172990, 'FABRICACIÓN DE OTROS PRODUCTOS TEXTILES N.C.P.', 20),
(173000, 'FABRICACIÓN DE TEJIDOS DE PUNTO', 21),
(181010, 'FABRICACIÓN DE PRENDAS DE VESTIR TEXTILES Y SIMILARES', 22),
(181020, 'FABRICACIÓN DE PRENDAS DE VESTIR DE CUERO NATURAL, ARTIFICIAL, PLÁSTICO', 22),
(181030, 'FABRICACIÓN DE ACCESORIOS DE VESTIR', 22),
(181040, 'FABRICACIÓN DE ROPA DE TRABAJO', 22),
(182000, 'ADOBO Y TENIDOS DE PIELES; FABRICACIÓN DE ARTÍCULOS DE PIEL', 23),
(191100, 'CURTIDO Y ADOBO DE CUEROS', 23),
(191200, 'FABRICACIÓN DE MALETAS, BOLSOS DE MANO Y SIMILARES; ARTÍCULOS DE TALABARTERÍA Y GUARNICIONERÍA', 23),
(192000, 'FABRICACIÓN DE CALZADO', 24),
(201000, 'ASERRADO Y ACEPILLADURA DE MADERAS', 25),
(202100, 'FABRICACIÓN DE TABLEROS, PANELES Y HOJAS DE MADERA PARA ENCHAPADO', 26),
(202200, 'FABRICACIÓN DE PARTES Y PIEZAS DE CARPINTERÍA PARA EDIFICIOS Y CONSTRUCCIONES', 26),
(202300, 'FABRICACIÓN DE RECIPIENTES DE MADERA', 26),
(202900, 'FABRICACIÓN DE OTROS PRODUCTOS DE MADERA; ARTÍCULOS DE CORCHO, PAJA Y MATERIALES TRENZABLES', 26),
(210110, 'FABRICACIÓN DE CELULOSA Y OTRAS PASTAS DE MADERA', 27),
(210121, 'FABRICACIÓN DE PAPEL DE PERIÓDICO', 27),
(210129, 'FABRICACIÓN DE PAPEL Y CARTÓN N.C.P.', 27),
(210200, 'FABRICACIÓN DE PAPEL Y CARTÓN ONDULADO Y DE ENVASES DE PAPEL Y CARTÓN', 27),
(210900, 'FABRICACIÓN DE OTROS ARTÍCULOS DE PAPEL Y CARTÓN', 27),
(221101, 'EDICIÓN PRINCIPALMENTE DE LIBROS', 28),
(221109, 'EDICIÓN DE FOLLETOS, PARTITURAS Y OTRAS PUBLICACIONES', 28),
(221200, 'EDICIÓN DE PERIÓDICOS, REVISTAS Y PUBLICACIONES PERIÓDICAS', 28),
(221300, 'EDICIÓN DE GRABACIONES', 28),
(221900, 'OTRAS ACTIVIDADES DE EDICIÓN', 28),
(222101, 'IMPRESIÓN PRINCIPALMENTE DE LIBROS', 29),
(222109, 'OTRAS ACTIVIDADES DE IMPRESIÓN N.C.P.', 29),
(222200, 'ACTIVIDADES DE SERVICIO RELACIONADA CON LA IMPRESIÓN', 29),
(223000, 'REPRODUCCIÓN DE GRABACIONES', 29),
(231000, 'FABRICACIÓN DE PRODUCTOS DE HORNOS COQUE', 30),
(232000, 'FABRICACIÓN DE PRODUCTOS DE REFINACIÓN DE PETRÓLEO', 30),
(233000, 'ELABORACIÓN DE COMBUSTIBLE NUCLEAR', 31),
(241110, 'FABRICACIÓN DE CARBÓN VEGETAL, Y BRIQUETAS DE CARBÓN VEGETAL', 32),
(241190, 'FABRICACIÓN DE SUSTANCIAS QUÍMICAS BÁSICAS, EXCEPTO ABONOS Y COMPUESTOS DE NITRÓGENO', 32),
(241200, 'FABRICACIÓN DE ABONOS Y COMPUESTOS DE NITRÓGENO', 32),
(241300, 'FABRICACIÓN DE PLÁSTICOS EN FORMAS PRIMARIAS Y DE CAUCHO SINTÉTICO', 32),
(242100, 'FABRICACIÓN DE PLAGUICIDAS Y OTROS PRODUCTOS QUÍMICOS DE USO AGROPECUARIO', 33),
(242200, 'FABRICACIÓN DE PINTURAS, BARNICES Y PRODUCTOS DE REVESTIMIENTO SIMILARES', 33),
(242300, 'FABRICACIÓN DE PRODUCTOS FARMACEUTICOS, SUSTANCIAS QUÍMICAS MEDICINALES Y PRODUCTOS BOTÁNICOS', 33),
(242400, 'FABRICACIONES DE JABONES Y DETERGENTES, PREPARADOS PARA LIMPIAR, PERFUMES Y PREPARADOS DE TOCADOR', 33),
(242910, 'FABRICACIÓN DE EXPLOSIVOS Y PRODUCTOS DE PIROTECNIA', 33),
(242990, 'FABRICACIÓN DE OTROS PRODUCTOS QUÍMICOS N.C.P.', 33),
(243000, 'FABRICACIÓN DE FIBRAS MANUFACTURADAS', 34),
(251110, 'FABRICACIÓN DE CUBIERTAS Y CÁMARAS DE CAUCHO', 35),
(251120, 'RECAUCHADO Y RENOVACIÓN DE CUBIERTAS DE CAUCHO', 35),
(251900, 'FABRICACIÓN DE OTROS PRODUCTOS DE CAUCHO', 35),
(252010, 'FABRICACIÓN DE PLANCHAS, LÁMINAS, CINTAS, TIRAS DE PLÁSTICO', 36),
(252020, 'FABRICACIÓN DE TUBOS, MANGUERAS PARA LA CONSTRUCCIÓN', 36),
(252090, 'FABRICACIÓN DE OTROS ARTÍCULOS DE PLÁSTICO', 36),
(261010, 'FABRICACIÓN, MANIPULADO Y TRANSFORMACIÓN DE VIDRIO PLANO', 37),
(261020, 'FABRICACIÓN DE VIDRIO HUECO', 37),
(261030, 'FABRICACIÓN DE FIBRAS DE VIDRIO', 37),
(261090, 'FABRICACIÓN DE ARTÍCULOS DE VIDRIO N.C.P.', 37),
(269101, 'FABRICACIÓN DE PRODUCTOS DE CERÁMICA NO REFRACTARIA PARA USO NO ESTRUCTURAL CON FINES ORNAMENTALES', 38),
(269109, 'FABRICACIÓN DE PRODUCTOS DE CERÁMICA NO REFRACTARIA PARA USO NO ESTRUCTURAL N.C.P.', 38),
(269200, 'FABRICACIÓN DE PRODUCTOS DE CERÁMICAS REFRACTARIA', 38),
(269300, 'FABRICACIÓN DE PRODUCTOS DE ARCILLA Y CERÁMICAS NO REFRACTARIAS PARA USO ESTRUCTURAL', 38),
(269400, 'FABRICACIÓN DE CEMENTO, CAL Y YESO', 38),
(269510, 'ELABORACIÓN DE HORMIGÓN, ARTÍCULOS DE HORMIGÓN Y MORTERO (MEZCLA PARA CONSTRUCCIÓN)', 38),
(269520, 'FABRICACIÓN DE PRODUCTOS DE FIBROCEMENTO Y ASBESTOCEMENTO', 38),
(269530, 'FABRICACIÓN DE PANELES DE YESO PARA LA CONSTRUCCIÓN', 38),
(269590, 'FABRICACIÓN DE ARTÍCULOS DE CEMENTO Y YESO N.C.P.', 38),
(269600, 'CORTE, TALLADO Y ACABADO DE LA PIEDRA', 38),
(269910, 'FABRICACIÓN DE MEZCLAS BITUMINOSAS A BASE DE ASFALTO, DE BETUNES NATURALES, Y PRODUCTOS SIMILARES', 38),
(269990, 'FABRICACIÓN DE OTROS PRODUCTOS MINERALES NO METÁLICOS N.C.P', 38),
(271000, 'INDUSTRIAS BASICAS DE HIERRO Y ACERO', 39),
(272010, 'ELABORACIÓN DE PRODUCTOS DE COBRE EN FORMAS PRIMARIAS.', 40),
(272020, 'ELABORACIÓN DE PRODUCTOS DE ALUMINIO EN FORMAS PRIMARIAS', 40),
(272090, 'FABRICACIÓN DE PRODUCTOS PRIMARIOS DE METALES PRECIOSOS Y DE OTROS METALES NO FERROSOS N.C.P.', 40),
(273100, 'FUNDICIÓN DE HIERRO Y ACERO', 41),
(273200, 'FUNDICIÓN DE METALES NO FERROSOS', 41),
(281100, 'FABRICACIÓN DE PRODUCTOS METÁLICOS DE USO ESTRUCTURAL', 42),
(281211, 'FABRICACIÓN DE RECIPIENTES DE GAS COMPRIMIDO O LICUADO', 42),
(281219, 'FABRICACIÓN DE TANQUES, DEPÓSITOS Y RECIPIENTES DE METAL N.C.P.', 42),
(281280, 'REPARACIÓN DE TANQUES, DEPÓSITOS Y RECIPIENTES DE METAL', 42),
(281310, 'FABRICACIÓN DE GENERADORES DE VAPOR, EXCEPTO CALDERAS DE AGUA CALIENTE PARA CALEFACCIÓN', 42),
(281380, 'REPARACIÓN DE GENERADORES DE VAPOR, EXCEPTO CALDERAS DE AGUA CALIENTE PARA CALEFACCIÓN CENTRAL', 42),
(289100, 'FORJA, PRENSADO, ESTAMPADO Y LAMINADO DE METAL; INCLUYE PULVIMETALURGIA', 43),
(289200, 'TRATAMIENTOS Y REVESTIMIENTOS DE METALES; OBRAS DE INGENIERÍA MECÁNICA EN GENERAL', 43),
(289310, 'FABRICACIÓN DE ARTÍCULOS DE CUCHILLERÍA', 43),
(289320, 'FABRICACIÓN DE HERRAMIENTAS DE MANO Y ARTÍCULOS DE FERRETERÍA', 43),
(289910, 'FABRICACIÓN DE CABLES, ALAMBRES Y PRODUCTOS DE ALAMBRE', 43),
(289990, 'FABRICACIÓN DE OTROS PRODUCTOS ELABORADOS DE METAL N.C.P.', 43),
(291110, 'FABRICACIÓN DE MOTORES Y TURBINAS, EXCEPTO PARA AERONAVES, VEHÍCULOS AUTOMOTORES Y MOTOCICLETAS', 44),
(291180, 'REPARACIÓN DE MOTORES Y TURBINAS, EXCEPTO PARA AERONAVES, VEHÍCULOS AUTOMOTORES Y MOTOCICLETAS', 44),
(291210, 'FABRICACIÓN DE BOMBAS, GRIFOS, VÁLVULAS, COMPRESORES, SISTEMAS HIDRÁULICOS', 44),
(291280, 'REPARACIÓN DE BOMBAS, COMPRESORES, SISTEMAS HIDRÁULICOS, VÁLVULAS Y ARTÍCULOS DE GRIFERÍA', 44),
(291310, 'FABRICACIÓN DE COJINETES, ENGRANAJES, TRENES DE ENGRANAJES Y PIEZAS DE TRANSMISIÓN', 44),
(291380, 'REPARACIÓN DE COJINETES, ENGRANAJES, TRENES DE ENGRANAJES Y PIEZAS DE TRANSMISIÓN', 44),
(291410, 'FABRICACIÓN DE HORNOS, HOGARES Y QUEMADORES', 44),
(291480, 'REPARACIÓN DE HORNOS, HOGARES Y QUEMADORES', 44),
(291510, 'FABRICACIÓN DE EQUIPO DE ELEVACIÓN Y MANIPULACIÓN', 44),
(291580, 'REPARACIÓN DE EQUIPO DE ELEVACIÓN Y MANIPULACIÓN', 44),
(291910, 'FABRICACIÓN DE OTRO TIPO DE MAQUINARIAS DE USO GENERAL', 44),
(291980, 'REPARACIÓN OTROS TIPOS DE MAQUINARIA Y EQUIPOS DE USO GENERAL', 44),
(292110, 'FABRICACIÓN DE MAQUINARIA AGROPECUARIA Y FORESTAL', 45),
(292180, 'REPARACIÓN DE MAQUINARIA AGROPECUARIA Y FORESTAL', 45),
(292210, 'FABRICACIÓN DE MÁQUINAS HERRAMIENTAS', 45),
(292280, 'REPARACIÓN DE MÁQUINAS HERRAMIENTAS', 45),
(292310, 'FABRICACIÓN DE MAQUINARIA METALÚRGICA', 45),
(292380, 'REPARACIÓN DE MAQUINARIA PARA LA INDUSTRIA METALÚRGICA', 45),
(292411, 'FABRICACIÓN DE MAQUINARIA PARA MINAS Y CANTERAS Y PARA OBRAS DE CONSTRUCCIÓN', 45),
(292412, 'FABRICACIÓN DE PARTES PARA MÁQUINAS DE SONDEO O PERFORACIÓN', 45),
(292480, 'REPARACIÓN DE MAQUINARIA PARA LA EXPLOTACIÓN DE PETRÓLEO, MINAS, CANTERAS, Y OBRAS DE CONSTRUCCIÓN', 45),
(292510, 'FABRICACIÓN DE MAQUINARIA PARA LA ELABORACIÓN DE ALIMENTOS, BEBIDAS Y TABACOS', 45),
(292580, 'REPARACIÓN DE MAQUINARIA PARA LA ELABORACIÓN DE ALIMENTOS, BEBIDAS Y TABACOS', 45),
(292610, 'FABRICACIÓN DE MAQUINARIA PARA LA ELABORACIÓN DE PRENDAS TEXTILES, PRENDAS DE VESTIR Y CUEROS', 45),
(292680, 'REPARACIÓN DE MAQUINARIA PARA LA INDUSTRIA TEXTIL, DE LA CONFECCIÓN, DEL CUERO Y DEL CALZADO', 45),
(292710, 'FABRICACIÓN DE ARMAS Y MUNICIONES', 45),
(292780, 'REPARACIÓN DE ARMAS', 45),
(292910, 'FABRICACIÓN DE OTROS TIPOS DE MAQUINARIAS DE USO ESPECIAL', 45),
(292980, 'REPARACIÓN DE OTROS TIPOS DE MAQUINARIA DE USO ESPECIAL', 45),
(293000, 'FABRICACIÓN DE APARATOS DE USO DOMÉSTICO N.C.P.', 46),
(300010, 'FABRICACIÓN Y ARMADO DE COMPUTADORES Y HARDWARE EN GENERAL', 47),
(300020, 'FABRICACIÓN DE MAQUINARIA DE OFICINA, CONTABILIDAD, N.C.P.', 47),
(311010, 'FABRICACIÓN DE MOTORES, GENERADORES Y TRANSFORMADORES ELÉCTRICOS', 48),
(311080, 'REPARACIÓN DE MOTORES, GENERADORES Y TRANSFORMADORES ELÉCTRICOS', 48),
(312010, 'FABRICACIÓN DE APARATOS DE DISTRIBUCIÓN Y CONTROL', 49),
(312080, 'REPARACIÓN DE APARATOS DE DISTRIBUCIÓN Y CONTROL', 49),
(313000, 'FABRICACIÓN DE HILOS Y CABLES AISLADOS', 50),
(314000, 'FABRICACIÓN DE ACUMULADORES DE PILAS Y BATERÍAS PRIMARIAS', 51),
(315010, 'FABRICACIÓN DE LÁMPARAS Y EQUIPO DE ILUMINACIÓN', 52),
(315080, 'REPARACIÓN DE EQUIPO DE ILUMINACIÓN', 52),
(319010, 'FABRICACIÓN DE OTROS TIPOS DE EQUIPO ELÉCTRICO N.C.P.', 53),
(319080, 'REPARACIÓN DE OTROS TIPOS DE EQUIPO ELÉCTRICO N.C.P.', 53),
(321010, 'FABRICACIÓN DE COMPONENTES ELECTRÓNICOS', 54),
(321080, 'REPARACIÓN DE COMPONENTES ELECTRÓNICOS', 54),
(322010, 'FABRICACIÓN DE TRANSMISORES DE RADIO Y TELEVISIÓN, APARATOS PARA TELEFONÍA Y TELEGRAFÍA CON HILOS', 55),
(322080, 'REPARACIÓN DE TRANSMISORES DE RADIO Y TELEVISIÓN, APARATOS PARA TELEFONÍA Y TELEGRAFÍA CON HILOS', 55),
(323000, 'FABRICACIÓN DE RECEPTORES (RADIO Y TV); APARATOS DE GRABACIÓN Y REPRODUCCIÓN (AUDIO Y VIDEO)', 56),
(331110, 'FABRICACIÓN DE EQUIPO MÉDICO Y QUIRÚRGICO, Y DE APARATOS ORTOPÉDICOS', 57),
(331120, 'LABORATORIOS DENTALES', 57),
(331180, 'REPARACIÓN DE EQUIPO MÉDICO Y QUIRÚRGICO, Y DE APARATOS ORTOPÉDICOS', 57),
(331210, 'FABRICACIÓN DE INSTRUMENTOS Y APARATOS PARA MEDIR, VERIFICAR, ENSAYAR, NAVEGAR Y OTROS FINES', 57),
(331280, 'REPARACIÓN DE INSTRUMENTOS Y APARATOS PARA MEDIR, VERIFICAR, ENSAYAR, NAVEGAR Y OTROS FINES', 57),
(331310, 'FABRICACIÓN DE EQUIPOS DE CONTROL DE PROCESOS INDUSTRIALES', 57),
(331380, 'REPARACIÓN DE EQUIPOS DE CONTROL DE PROCESOS INDUSTRIALES', 57),
(332010, 'FABRICACIÓN Y/O REPARACIÓN DE LENTES Y ARTÍCULOS OFTALMOLÓGICOS', 58),
(332020, 'FABRICACIÓN DE INSTRUMENTOS DE OPTICA N.C.P. Y EQUIPOS FOTOGRÁFICOS', 58),
(332080, 'REPARACIÓN DE INSTRUMENTOS DE OPTICA N.C.P Y EQUIPO FOTOGRÁFICOS', 58),
(333000, 'FABRICACIÓN DE RELOJES', 59),
(341000, 'FABRICACIÓN DE VEHÍCULOS AUTOMOTORES', 60),
(342000, 'FABRICACIÓN DE CARROCERÍAS PARA VEHÍCULOS AUTOMOTORES; FABRICACIÓN DE REMOLQUES Y SEMI REMOLQUES', 60),
(343000, 'FABRICACIÓN DE PARTES Y ACCESORIOS PARA VEHÍCULOS AUTOMOTORES Y SUS MOTORES', 60),
(351110, 'CONSTRUCCIÓN Y REPARACIÓN DE BUQUES; ASTILLEROS', 61),
(351120, 'CONSTRUCCIÓN DE EMBARCACIONES MENORES', 61),
(351180, 'REPARACIÓN DE EMBARCACIONES MENORES', 61),
(351210, 'CONSTRUCCIÓN DE EMBARCACIONES DE RECREO Y DEPORTE', 61),
(351280, 'REPARACIÓN DE EMBARCACIONES DE RECREO Y DEPORTES', 61),
(352000, 'FABRICACIÓN DE LOCOMOTORAS Y DE MATERIAL RODANTE PARA FERROCARRILES Y TRANVÍAS', 62),
(353010, 'FABRICACIÓN DE AERONAVES Y NAVES ESPACIALES', 63),
(353080, 'REPARACIÓN DE AERONAVES Y NAVES ESPACIALES', 63),
(359100, 'FABRICACIÓN DE MOTOCICLETAS', 64),
(359200, 'FABRICACIÓN DE BICICLETAS Y DE SILLONES DE RUEDAS PARA INVALIDOS', 64),
(359900, 'FABRICACIÓN DE OTROS EQUIPOS DE TRANSPORTE N.C.P.', 64),
(361010, 'FABRICACIÓN DE MUEBLES PRINCIPALMENTE DE MADERA', 65),
(361020, 'FABRICACIÓN DE OTROS MUEBLES N.C.P., INCLUSO COLCHONES', 65),
(369100, 'FABRICACIÓN DE JOYAS Y PRODUCTOS CONEXOS', 66),
(369200, 'FABRICACIÓN DE INSTRUMENTOS DE MÚSICA', 66),
(369300, 'FABRICACIÓN DE ARTÍCULOS DE DEPORTE', 66),
(369400, 'FABRICACIÓN DE JUEGOS Y JUGUETES', 66),
(369910, 'FABRICACIÓN DE PLUMAS Y LÁPICES DE TODA CLASE Y ARTÍCULOS DE ESCRITORIO EN GENERAL', 66),
(369920, 'FABRICACIÓN DE BROCHAS, ESCOBAS Y CEPILLOS', 66),
(369930, 'FABRICACIÓN DE FÓSFOROS', 66),
(369990, 'FABRICACIÓN DE ARTÍCULOS DE OTRAS INDUSTRIAS N.C.P.', 66),
(371000, 'RECICLAMIENTO DE DESPERDICIOS Y DESECHOS METÁLICOS', 67),
(372010, 'RECICLAMIENTO DE PAPEL', 67),
(372020, 'RECICLAMIENTO DE VIDRIO', 67),
(372090, 'RECICLAMIENTO DE OTROS DESPERDICIOS Y DESECHOS N.C.P.', 67),
(401011, 'GENERACIÓN HIDROELÉCTRICA', 68),
(401012, 'GENERACIÓN EN CENTRALES TERMOELÉCTRICA DE CICLOS COMBINADOS', 68),
(401013, 'GENERACIÓN EN OTRAS CENTRALES TERMOELÉCTRICAS', 68),
(401019, 'GENERACIÓN EN OTRAS CENTRALES N.C.P.', 68),
(401020, 'TRANSMISIÓN DE ENERGÍA ELÉCTRICA', 68),
(401030, 'DISTRIBUCIÓN DE ENERGIA ELÉCTRICA', 68),
(402000, 'FABRICACIÓN DE GAS; DISTRIBUCIÓN DE COMBUSTIBLES GASEOSOS POR TUBERÍAS', 69),
(403000, 'SUMINISTRO DE VAPOR Y AGUA CALIENTE', 70),
(410000, 'CAPTACIÓN, DEPURACIÓN Y DISTRIBUCIÓN DE AGUA', 71),
(451010, 'PREPARACIÓN DEL TERRENO, EXCAVACIONES Y MOVIMIENTOS DE TIERRAS', 72),
(451020, 'SERVICIOS DE DEMOLICIÓN Y EL DERRIBO DE EDIFICIOS Y OTRAS ESTRUCTURAS', 72),
(452010, 'CONSTRUCCIÓN DE EDIFICIOS COMPLETOS O DE PARTES DE EDIFICIOS', 72),
(452020, 'OBRAS DE INGENIERÍA', 72),
(453000, 'ACONDICIONAMIENTO DE EDIFICIOS', 72),
(454000, 'OBRAS MENORES EN CONSTRUCCIÓN (CONTRATISTAS, ALBANILES, CARPINTEROS)', 72),
(455000, 'ALQUILER DE EQUIPO DE CONSTRUCCIÓN O DEMOLICIÓN DOTADO DE OPERARIOS', 72),
(501010, 'VENTA AL POR MAYOR DE VEHÍCULOS AUTOMOTORES (IMPORTACIÓN, DISTRIBUCIÓN) EXCEPTO MOTOCICLETAS', 73),
(501020, 'VENTA O COMPRAVENTA AL POR MENOR DE VEHÍCULOS AUTOMOTORES NUEVOS O USADOS; EXCEPTO MOTOCICLETAS', 73),
(502010, 'SERVICIO DE LAVADO DE VEHÍCULOS AUTOMOTORES', 74),
(502020, 'SERVICIOS DE REMOLQUE DE VEHÍCULOS (GRUAS)', 74),
(502080, 'MANTENIMIENTO Y REPARACIÓN DE VEHÍCULOS AUTOMOTORES', 74),
(503000, 'VENTA DE PARTES, PIEZAS Y ACCESORIOS DE VEHÍCULOS AUTOMOTORES', 75),
(504010, 'VENTA DE MOTOCICLETAS', 76),
(504020, 'VENTA DE PIEZAS Y ACCESORIOS DE MOTOCICLETAS', 76),
(504080, 'REPARACIÓN DE MOTOCICLETAS', 76),
(505000, 'VENTA AL POR MENOR DE COMBUSTIBLE PARA AUTOMOTORES', 77),
(511010, 'CORRETAJE DE PRODUCTOS AGRÍCOLAS', 78),
(511020, 'CORRETAJE DE GANADO (FERIAS DE GANADO)', 78),
(511030, 'OTROS TIPOS DE CORRETAJES O REMATES N.C.P. (NO INCLUYE SERVICIOS DE MARTILLERO)', 78),
(512110, 'VENTA AL POR MAYOR DE ANIMALES VIVOS', 79),
(512120, 'VENTA AL POR MAYOR DE PRODUCTOS PECUARIOS (LANAS, PIELES, CUEROS SIN PROCESAR); EXCEPTO ALIMENTOS', 79),
(512130, 'VENTA AL POR MAYOR DE MATERIAS PRIMAS AGRÍCOLAS', 79),
(512210, 'MAYORISTA DE FRUTAS Y VERDURAS', 79),
(512220, 'MAYORISTAS DE CARNES', 79),
(512230, 'MAYORISTAS DE PRODUCTOS DEL MAR (PESCADO, MARISCOS, ALGAS)', 79),
(512240, 'MAYORISTAS DE VINOS Y BEBIDAS ALCOHÓLICAS Y DE FANTASÍA', 79),
(512250, 'VENTA AL POR MAYOR DE CONFITES', 79),
(512260, 'VENTA AL POR MAYOR DE TABACO Y PRODUCTOS DERIVADOS', 79),
(512290, 'VENTA AL POR MAYOR DE HUEVOS, LECHE, ABARROTES, Y OTROS ALIMENTOS N.C.P.', 79),
(513100, 'VENTA AL POR MAYOR DE PRODUCTOS TEXTILES, PRENDAS DE VESTIR Y CALZADO', 80),
(513910, 'VENTA AL POR MAYOR DE MUEBLES', 80),
(513920, 'VENTA AL POR MAYOR DE ARTÍCULOS ELÉCTRICOS Y ELECTRÓNICOS PARA EL HOGAR', 80),
(513930, 'VENTA AL POR MAYOR DE ARTÍCULOS DE PERFUMERÍA, COSMÉTICOS, JABONES Y PRODUCTOS DE LIMPIEZA', 80),
(513940, 'VENTA AL POR MAYOR DE PAPEL Y CARTÓN', 80),
(513951, 'VENTA AL POR MAYOR DE LIBROS', 80),
(513952, 'VENTA AL POR MAYOR DE REVISTAS Y PERIÓDICOS', 80),
(513960, 'VENTA AL POR MAYOR DE PRODUCTOS FARMACEUTICOS', 80),
(513970, 'VENTA AL POR MAYOR DE INSTRUMENTOS CIENTÍFICOS Y QUIRÚRGICOS', 80),
(513990, 'VENTA AL POR MAYOR DE OTROS ENSERES DOMÉSTICOS N.C.P.', 80),
(514110, 'VENTA AL POR MAYOR DE COMBUSTIBLES LÍQUIDOS', 81),
(514120, 'VENTA AL POR MAYOR DE COMBUSTIBLES SÓLIDOS', 81),
(514130, 'VENTA AL POR MAYOR DE COMBUSTIBLES GASEOSOS', 81),
(514140, 'VENTA AL POR MAYOR DE PRODUCTOS CONEXOS A LOS COMBUSTIBLES', 81),
(514200, 'VENTA AL POR MAYOR DE METALES Y MINERALES METALÍFEROS', 81),
(514310, 'VENTA AL POR MAYOR DE MADERA NO TRABAJADA Y PRODUCTOS RESULTANTES DE SU ELABORACIÓN PRIMARIA', 81),
(514320, 'VENTA AL POR MAYOR DE MATERIALES DE CONSTRUCCIÓN, ARTÍCULOS DE FERRETERÍA Y RELACIONADOS', 81),
(514910, 'VENTA AL POR MAYOR DE PRODUCTOS QUÍMICOS', 81),
(514920, 'VENTA AL POR MAYOR DE DESECHOS METÁLICOS (CHATARRA)', 81),
(514930, 'VENTA AL POR MAYOR DE INSUMOS VETERINARIOS', 81),
(514990, 'VENTA AL POR MAYOR DE OTROS PRODUCTOS INTERMEDIOS, DESPERDICIOS Y DESECHOS N.C.P.', 81),
(515001, 'VENTA AL POR MAYOR DE MAQUINARIA AGRÍCOLA Y FORESTAL', 82),
(515002, 'VENTA AL POR MAYOR DE MAQUINARIA METALÚRGICA', 82),
(515003, 'VENTA AL POR MAYOR DE MAQUINARIA PARA LA MINERÍA', 82),
(515004, 'VENTA AL POR MAYOR DE MAQUINARIA PARA LA CONSTRUCCIÓN', 82),
(515005, 'VENTA AL POR MAYOR DE MAQUINARIA PARA LA ELABORACIÓN DE ALIMENTOS, BEBIDAS Y TABACO', 82),
(515006, 'VENTA AL POR MAYOR DE MAQUINARIA PARA TEXTILES Y CUEROS', 82),
(515007, 'VENTA AL POR MAYOR DE MÁQUINAS Y EQUIPOS DE OFICINA; INCLUYE MATERIALES CONEXOS', 82),
(515008, 'VENTA AL POR MAYOR DE MAQUINARIA Y EQUIPO DE TRANSPORTE EXCEPTO VEHÍCULOS AUTOMOTORES', 82),
(515009, 'VENTA AL POR MAYOR DE MAQUINARIA, HERRAMIENTAS, EQUIPO Y MATERIALES N.C.P.', 82),
(519000, 'VENTA AL POR MAYOR DE OTROS PRODUCTOS N.C.P.', 83),
(521111, 'GRANDES ESTABLECIMIENTOS (VENTA DE ALIMENTOS); HIPERMERCADOS', 84),
(521112, 'ALMACENES MEDIANOS (VENTA DE ALIMENTOS); SUPERMERCADOS, MINIMARKETS', 84),
(521120, 'ALMACENES PEQUENOS (VENTA DE ALIMENTOS)', 84),
(521200, 'GRANDES TIENDAS - PRODUCTOS DE FERRETERÍA Y PARA EL HOGAR', 84),
(521300, 'GRANDES TIENDAS - VESTUARIO Y PRODUCTOS PARA EL HOGAR', 84),
(521900, 'VENTA AL POR MENOR DE OTROS PRODUCTOS EN PEQUENOS ALMACENES NO ESPECIALIZADOS', 84),
(522010, 'VENTA AL POR MENOR DE BEBIDAS Y LICORES (BOTILLERÍAS)', 85),
(522020, 'VENTA AL POR MENOR DE CARNES (ROJAS, BLANCAS, OTRAS) PRODUCTOS CÁRNICOS Y SIMILARES', 85),
(522030, 'COMERCIO AL POR MENOR DE VERDURAS Y FRUTAS (VERDULERÍA)', 85),
(522040, 'VENTA AL POR MENOR DE PESCADOS, MARISCOS Y PRODUCTOS CONEXOS', 85),
(522050, 'VENTA AL POR MENOR DE PRODUCTOS DE PANADERÍA Y PASTELERÍA', 85),
(522060, 'VENTA AL POR MENOR DE ALIMENTOS PARA MASCOTAS Y ANIMALES EN GENERAL', 85),
(522070, 'VENTA AL POR MENOR DE AVES Y HUEVOS', 85),
(522090, 'VENTA AL POR MENOR DE PRODUCTOS DE CONFITERÍAS, CIGARRILLOS, Y OTROS', 85),
(523111, 'FARMACIAS - PERTENECIENTES A CADENA DE ESTABLECIMIENTOS', 86),
(523112, 'FARMACIAS INDEPENDIENTES', 86),
(523120, 'VENTA AL POR MENOR DE PRODUCTOS MEDICINALES', 86),
(523130, 'VENTA AL POR MENOR DE ARTÍCULOS ORTOPÉDICOS', 86),
(523140, 'VENTA AL POR MENOR DE ARTÍCULOS DE TOCADOR Y COSMÉTICOS', 86),
(523210, 'VENTA AL POR MENOR DE CALZADO', 86),
(523220, 'VENTA AL POR MENOR DE PRENDAS DE VESTIR EN GENERAL, INCLUYE ACCESORIOS', 86),
(523230, 'VENTA AL POR MENOR DE LANAS, HILOS Y SIMILARES', 86),
(523240, 'VENTA AL POR MENOR DE MALETERÍAS, TALABARTERÍAS Y ARTÍCULOS DE CUERO', 86),
(523250, 'VENTA AL POR MENOR DE ROPA INTERIOR Y PRENDAS DE USO PERSONAL', 86),
(523290, 'COMERCIO AL POR MENOR DE TEXTILES PARA EL HOGAR Y OTROS PRODUCTOS TEXTILES N.C.P.', 86),
(523310, 'VENTA AL POR MENOR DE ARTÍCULOS ELECTRODOMÉSTICOS Y ELECTRÓNICOS PARA EL HOGAR', 86),
(523320, 'VENTA AL POR MENOR DE CRISTALES, LOZAS, PORCELANA, MENAJE (CRISTALERÍAS)', 86),
(523330, 'VENTA AL POR MENOR DE MUEBLES; INCLUYE COLCHONES', 86),
(523340, 'VENTA AL POR MENOR DE INSTRUMENTOS MUSICALES (CASA DE MÚSICA)', 86),
(523350, 'VENTA AL POR MENOR DE DISCOS, CASSETTES, DVD Y VIDEOS', 86),
(523360, 'VENTA AL POR MENOR DE LÁMPARAS, APLIQUÉS Y SIMILARES', 86),
(523390, 'VENTA AL POR MENOR DE APARATOS, ARTÍCULOS, EQUIPO DE USO DOMÉSTICO N.C.P.', 86),
(523410, 'VENTA AL POR MENOR DE ARTÍCULOS DE FERRETERÍA Y MATERIALES DE CONSTRUCCIÓN', 86),
(523420, 'VENTA AL POR MENOR DE PINTURAS, BARNICES Y LACAS', 86),
(523430, 'COMERCIO AL POR MENOR DE PRODUCTOS DE VIDRIO', 86),
(523911, 'COMERCIO AL POR MENOR DE ARTÍCULOS FOTOGRÁFICOS', 86),
(523912, 'COMERCIO AL POR MENOR DE ARTÍCULOS ÓPTICOS', 86),
(523921, 'COMERCIO POR MENOR DE JUGUETES', 86),
(523922, 'COMERCIO AL POR MENOR DE LIBROS', 86),
(523923, 'COMERCIO AL POR MENOR DE REVISTAS Y DIARIOS', 86),
(523924, 'COMERCIO DE ARTÍCULOS DE SUMINISTROS DE OFICINAS Y ARTÍCULOS DE ESCRITORIO EN GENERAL', 86),
(523930, 'COMERCIO AL POR MENOR DE COMPUTADORAS, SOFTWARES Y SUMINISTROS', 86),
(523941, 'COMERCIO AL POR MENOR DE ARMERÍAS, ARTÍCULOS DE CAZA Y PESCA', 86),
(523942, 'COMERCIO AL POR MENOR DE BICICLETAS Y SUS REPUESTOS', 86),
(523943, 'COMERCIO AL POR MENOR DE ARTÍCULOS DEPORTIVOS', 86),
(523950, 'COMERCIO AL POR MENOR DE ARTÍCULOS DE JOYERÍA, FANTASÍAS Y RELOJERÍAS', 86),
(523961, 'VENTA AL POR MENOR DE GAS LICUADO EN BOMBONAS', 86),
(523969, 'VENTA AL POR MENOR DE CARBÓN, LENA Y OTROS COMBUSTIBLES DE USO DOMÉSTICO', 86),
(523991, 'COMERCIO AL POR MENOR DE ARTÍCULOS TÍPICOS (ARTESANÍAS)', 86),
(523992, 'VENTA AL POR MENOR DE FLORES, PLANTAS, ÁRBOLES, SEMILLAS, ABONOS', 86),
(523993, 'VENTA AL POR MENOR DE MASCOTAS Y ACCESORIOS', 86),
(523999, 'VENTAS AL POR MENOR DE OTROS PRODUCTOS EN ALMACENES ESPECIALIZADOS N.C.P.', 86),
(524010, 'COMERCIO AL POR MENOR DE ANTIGUEDADES', 87),
(524020, 'COMERCIO AL POR MENOR DE ROPA USADA', 87),
(524090, 'COMERCIO AL POR MENOR DE ARTÍCULOS Y ARTEFACTOS USADOS N.C.P.', 87),
(525110, 'VENTA AL POR MENOR EN EMPRESAS DE VENTA A DISTANCIA POR CORREO', 88),
(525120, 'VENTA AL POR MENOR EN EMPRESAS DE VENTA A DISTANCIA VÍA TELEFÓNICA', 88),
(525130, 'VENTA AL POR MENOR EN EMPRESAS DE VENTA A DISTANCIA VÍA INTERNET; COMERCIO ELECTRÓNICO', 88),
(525200, 'VENTA AL POR MENOR EN PUESTOS DE VENTA Y MERCADOS', 88),
(525911, 'VENTA AL POR MENOR REALIZADA POR INDEPENDIENTES EN TRANSPORTE PÚBLICO (LEY 20.388)', 88),
(525919, 'VENTA AL POR MENOR NO REALIZADA EN ALMACENES DE PRODUCTOS PROPIOS N.C.P.', 88),
(525920, 'MÁQUINAS EXPENDEDORAS', 88),
(525930, 'VENTA AL POR MENOR A CAMBIO DE UNA RETRIBUCIÓN O POR CONTRATA', 88),
(525990, 'OTROS TIPOS DE VENTA AL POR MENOR NO REALIZADA EN ALMACENES N.C.P.', 88),
(526010, 'REPARACIÓN DE CALZADO Y OTROS ARTÍCULOS DE CUERO', 89),
(526020, 'REPARACIONES ELÉCTRICAS Y ELECTRÓNICAS', 89),
(526030, 'REPARACIÓN DE RELOJES Y JOYAS', 89),
(526090, 'OTRAS REPARACIONES DE EFECTOS PERSONALES Y ENSERES DOMÉSTICOS N.C.P.', 89),
(551010, 'HOTELES', 90),
(551020, 'MOTELES', 90),
(551030, 'RESIDENCIALES', 90),
(551090, 'OTROS TIPOS DE HOSPEDAJE TEMPORAL COMO CAMPING, ALBERGUES, POSADAS, REFUGIOS Y SIMILARES', 90),
(552010, 'RESTAURANTES', 91),
(552020, 'ESTABLECIMIENTOS DE COMIDA RÁPIDA (BARES, FUENTES DE SODA, GELATERÍAS, PIZZERÍAS Y SIMILARES)', 91),
(552030, 'CASINOS Y CLUBES SOCIALES', 91),
(552040, 'SERVICIOS DE COMIDA PREPARADA EN FORMA INDUSTRIAL', 91),
(552050, 'SERVICIOS DE BANQUETES, BODAS Y OTRAS CELEBRACIONES', 91),
(552090, 'SERVICIOS DE OTROS ESTABLECIMIENTOS QUE EXPENDEN COMIDAS Y BEBIDAS', 91),
(601001, 'TRANSPORTE INTERURBANO DE PASAJEROS POR FERROCARRILES', 92),
(601002, 'TRANSPORTE DE CARGA POR FERROCARRILES', 92),
(602110, 'TRANSPORTE URBANO DE PASAJEROS VÍA FERROCARRIL (INCLUYE METRO)', 93),
(602120, 'TRANSPORTE URBANO DE PASAJEROS VÍA AUTOBUS (LOCOMOCIÓN COLECTIVA)', 93),
(602130, 'TRANSPORTE INTERURBANO DE PASAJEROS VÍA AUTOBUS', 93),
(602140, 'TRANSPORTE URBANO DE PASAJEROS VÍA TAXI COLECTIVO', 93),
(602150, 'SERVICIOS DE TRANSPORTE ESCOLAR', 93),
(602160, 'SERVICIOS DE TRANSPORTE DE TRABAJADORES', 93),
(602190, 'OTROS TIPOS DE TRANSPORTE REGULAR DE PASAJEROS POR VÍA TERRESTRE N.C.P.', 93),
(602210, 'TRANSPORTES POR TAXIS LIBRES Y RADIOTAXIS', 93),
(602220, 'SERVICIOS DE TRANSPORTE A TURISTAS', 93),
(602230, 'TRANSPORTE DE PASAJEROS EN VEHÍCULOS DE TRACCIÓN HUMANA Y ANIMAL', 93),
(602290, 'OTROS TIPOS DE TRANSPORTE NO REGULAR DE PASAJEROS N.C.P.', 93),
(602300, 'TRANSPORTE DE CARGA POR CARRETERA', 93),
(603000, 'TRANSPORTE POR TUBERÍAS', 94),
(611001, 'TRANSPORTE MARÍTIMO Y DE CABOTAJE DE PASAJEROS', 95),
(611002, 'TRANSPORTE MARÍTIMO Y DE CABOTAJE DE CARGA', 95),
(612001, 'TRANSPORTE DE PASAJEROS POR VÍAS DE NAVEGACIÓN INTERIORES', 96),
(612002, 'TRANSPORTE DE CARGA POR VÍAS DE NAVEGACIÓN INTERIORES', 96),
(621010, 'TRANSPORTE REGULAR POR VÍA AÉREA DE PASAJEROS', 97),
(621020, 'TRANSPORTE REGULAR POR VÍA AÉREA DE CARGA', 97),
(622001, 'TRANSPORTE NO REGULAR POR VÍA AÉREA DE PASAJEROS', 97),
(622002, 'TRANSPORTE NO REGULAR POR VÍA AÉREA DE CARGA', 97),
(630100, 'MANIPULACIÓN DE LA CARGA', 98),
(630200, 'SERVICIOS DE ALMACENAMIENTO Y DEPÓSITO', 98),
(630310, 'TERMINALES TERRESTRES DE PASAJEROS', 98),
(630320, 'ESTACIONAMIENTO DE VEHÍCULOS Y PARQUÍMETROS', 98),
(630330, 'PUERTOS Y AEROPUERTOS', 98),
(630340, 'SERVICIOS PRESTADOS POR CONCESIONARIOS DE CARRETERAS', 98),
(630390, 'OTRAS ACTIVIDADES CONEXAS AL TRANSPORTE N.C.P.', 98),
(630400, 'AGENCIAS Y ORGANIZADORES DE VIAJES; ACTIVIDADES DE ASISTENCIA A TURISTAS N.C.P.', 98),
(630910, 'AGENCIAS DE ADUANAS', 98),
(630920, 'AGENCIAS DE TRANSPORTE', 98),
(641100, 'ACTIVIDADES POSTALES NACIONALES', 99),
(641200, 'ACTIVIDADES DE CORREO DISTINTAS DE LAS ACTIVIDADES POSTALES NACIONALES', 99),
(642010, 'SERVICIOS DE TELEFONÍA FIJA', 100),
(642020, 'SERVICIOS DE TELEFONÍA MÓVIL', 100),
(642030, 'PORTADORES TELEFÓNICOS (LARGA DISTANCIA NACIONAL E INTERNACIONAL)', 100),
(642040, 'SERVICIOS DE TELEVISIÓN NO ABIERTA', 100),
(642050, 'PROVEEDORES DE INTERNET', 100),
(642061, 'CENTROS DE LLAMADOS; INCLUYE ENVÍO DE FAX', 100),
(642062, 'CENTROS DE ACCESO A INTERNET', 100),
(642090, 'OTROS SERVICIOS DE TELECOMUNICACIONES N.C.P.', 100),
(651100, 'BANCA CENTRAL', 101),
(651910, 'BANCOS', 101),
(651920, 'FINANCIERAS', 101),
(651990, 'OTROS TIPOS DE INTERMEDIACIÓN MONETARIA N.C.P.', 101),
(659110, 'LEASING FINANCIERO', 102),
(659120, 'LEASING HABITACIONAL', 102),
(659210, 'FINANCIAMIENTO DEL FOMENTO DE LA PRODUCCIÓN', 102),
(659220, 'ACTIVIDADES DE CRÉDITO PRENDARIO', 102),
(659231, 'FACTORING', 102),
(659232, 'SECURITIZADORAS', 102),
(659290, 'OTROS INSTITUCIONES FINANCIERAS N.C.P.', 102),
(659911, 'ADMINISTRADORAS DE FONDOS DE INVERSIÓN', 102),
(659912, 'ADMINISTRADORAS DE FONDOS MUTUOS', 102),
(659913, 'ADMINISTRADORAS DE FICES (FONDOS DE INVERSIÓN DE CAPITAL EXTRANJERO)', 102),
(659914, 'ADMINISTRADORAS DE FONDOS PARA LA VIVIENDA', 102),
(659915, 'ADMINISTRADORAS DE FONDOS PARA OTROS FINES Y/O GENERALES', 102),
(659920, 'SOCIEDADES DE INVERSIÓN Y RENTISTAS DE CAPITALES MOBILIARIOS EN GENERAL', 102),
(660101, 'PLANES DE SEGURO DE VIDA', 103),
(660102, 'PLANES DE REASEGUROS DE VIDA', 103),
(660200, 'ADMINISTRADORAS DE FONDOS DE PENSIONES (AFP)', 103),
(660301, 'PLANES DE SEGUROS GENERALES', 103),
(660302, 'PLANES DE REASEGUROS GENERALES', 103),
(660400, 'ISAPRES', 103),
(671100, 'ADMINISTRACIÓN DE MERCADOS FINANCIEROS', 104),
(671210, 'CORREDORES DE BOLSA', 104),
(671220, 'AGENTES DE VALORES', 104),
(671290, 'OTROS SERVICIOS DE CORRETAJE', 104),
(671910, 'CÁMARA DE COMPENSACIÓN', 104),
(671921, 'ADMINISTRADORA DE TARJETAS DE CRÉDITO', 104),
(671929, 'EMPRESAS DE ASESORÍA, CONSULTORÍA FINANCIERA Y DE APOYO AL GIRO', 104),
(671930, 'CLASIFICADORES DE RIESGOS', 104),
(671940, 'CASAS DE CAMBIO Y OPERADORES DE DIVISA', 104),
(671990, 'OTRAS ACTIVIDADES AUXILIARES DE LA INTERMEDIACIÓN FINANCIERA N.C.P.', 104),
(672010, 'CORREDORES DE SEGUROS', 105),
(672020, 'AGENTES Y LIQUIDADORES DE SEGUROS', 105),
(672090, 'OTRAS ACTIVIDADES AUXILIARES DE LA FINANCIACIÓN DE PLANES DE SEGUROS Y DE PENSIONES N.C.P.', 105),
(701001, 'ARRIENDO DE INMUEBLES AMOBLADOS O CON EQUIPOS Y MAQUINARIAS', 106),
(701009, 'COMPRA, VENTA Y ALQUILER (EXCEPTO AMOBLADOS) DE INMUEBLES PROPIOS O ARRENDADOS', 106),
(702000, 'CORREDORES DE PROPIEDADES', 107),
(711101, 'ALQUILER DE AUTOS Y CAMIONETAS SIN CHOFER', 108),
(711102, 'ALQUILER DE OTROS EQUIPOS DE TRANSPORTE POR VÍA TERRESTRE SIN OPERARIOS', 108),
(711200, 'ALQUILER DE TRANSPORTE POR VÍA ACUÁTICA SIN TRIPULACIÓN', 108),
(711300, 'ALQUILER DE EQUIPO DE TRANSPORTE POR VÍA AÉREA SIN TRIPULANTES', 108),
(712100, 'ALQUILER DE MAQUINARIA Y EQUIPO AGROPECUARIO', 109),
(712200, 'ALQUILER DE MAQUINARIA Y EQUIPO DE CONSTRUCCIÓN E INGENIERÍA CIVIL', 109),
(712300, 'ALQUILER DE MAQUINARIA Y EQUIPO DE OFICINA (SIN OPERARIOS NI SERVICIO ADMINISTRATIVO)', 109),
(712900, 'ALQUILER DE OTROS TIPOS DE MAQUINARIAS Y EQUIPOS N.C.P.', 109),
(713010, 'ALQUILER DE BICICLETAS Y ARTÍCULOS PARA DEPORTES', 110),
(713020, 'ARRIENDO DE VIDEOS, JUEGOS DE VIDEO, Y EQUIPOS REPRODUCTORES DE VIDEO, MÚSICA Y SIMILARES', 110),
(713030, 'ALQUILER DE MOBILIARIO PARA EVENTOS (SILLAS, MESAS, MESONES, VAJILLAS, TOLDOS Y RELACIONADOS)', 110),
(713090, 'ALQUILER DE OTROS EFECTOS PERSONALES Y ENSERES DOMÉSTICOS N.C.P.', 110),
(722000, 'ASESORES Y CONSULTORES EN INFORMÁTICA (SOFTWARE)', 111),
(724000, 'PROCESAMIENTO DE DATOS Y ACTIVIDADES RELACIONADAS CON BASES DE DATOS', 111),
(725000, 'MANTENIMIENTO Y REPARACIÓN DE MAQUINARIA DE OFICINA, CONTABILIDAD E INFORMÁTICA', 112),
(726000, 'EMPRESAS DE SERVICIOS INTEGRALES DE INFORMÁTICA', 111),
(731000, 'INVESTIGACIONES Y DESARROLLO EXPERIMENTAL EN EL CAMPO DE LAS CIENCIAS NATURALES Y LA INGENIERÍA', 113),
(732000, 'INVESTIGACIONES Y DESARROLLO EXPERIMENTAL EN EL CAMPO DE LAS CIENCIAS SOCIALES Y LAS HUMANIDADES', 113),
(741110, 'SERVICIOS JURÍDICOS', 114),
(741120, 'SERVICIO NOTARIAL', 114),
(741130, 'CONSERVADOR DE BIENES RAICES', 114),
(741140, 'RECEPTORES JUDICIALES', 114),
(741190, 'ARBITRAJES, SÍNDICOS, PERITOS Y OTROS', 114),
(741200, 'ACTIVIDADES DE CONTABILIDAD, TENEDURÍA DE LIBROS Y AUDITORÍA; ASESORAMIENTOS TRIBUTARIOS', 114),
(741300, 'INVESTIGACIÓN DE MERCADOS Y REALIZACIÓN DE ENCUESTAS DE OPINIÓN PÚBLICA', 114),
(741400, 'ACTIVIDADES DE ASESORAMIENTO EMPRESARIAL Y EN MATERIA DE GESTIÓN', 114),
(742110, 'SERVICIOS DE ARQUITECTURA Y TÉCNICO RELACIONADO', 115),
(742121, 'EMPRESAS DE SERVICIOS GEOLÓGICOS Y DE PROSPECCIÓN', 115),
(742122, 'SERVICIOS PROFESIONALES EN GEOLOGÍA Y PROSPECCIÓN', 115),
(742131, 'EMPRESAS DE SERVICIOS DE TOPOGRAFÍA Y AGRIMENSURA', 115),
(742132, 'SERVICIOS PROFESIONALES DE TOPOGRAFÍA Y AGRIMENSURA', 115),
(742141, 'SERVICIOS DE INGENIERÍA PRESTADOS POR EMPRESAS N.C.P.', 115),
(742142, 'SERVICIOS DE INGENIERÍA PRESTADOS POR PROFESIONALES N.C.P.', 115),
(742190, 'OTROS SERVICIOS DESARROLLADOS POR PROFESIONALES', 115),
(742210, 'SERVICIO DE REVISIÓN TÉCNICA DE VEHÍCULOS AUTOMOTORES', 115),
(742290, 'OTROS SERVICIOS DE ENSAYOS Y ANALISIS TÉCNICOS', 115),
(743001, 'EMPRESAS DE PUBLICIDAD', 116),
(743002, 'SERVICIOS PERSONALES EN PUBLICIDAD', 116),
(749110, 'SERVICIOS SUMINISTRO DE PERSONAL; EMPRESAS SERVICIOS TRANSITORIOS', 117),
(749190, 'SERVICIOS DE RECLUTAMIENTO DE PERSONAL', 117),
(749210, 'ACTIVIDADES DE INVESTIGACIÓN', 117),
(749221, 'SERVICIOS INTEGRALES DE SEGURIDAD', 117),
(749222, 'TRANSPORTE DE VALORES', 117),
(749229, 'SERVICIOS PERSONALES RELACIONADOS CON SEGURIDAD', 117),
(749310, 'EMPRESAS DE LIMPIEZA DE EDIFICIOS RESIDENCIALES Y NO RESIDENCIALES', 117),
(749320, 'DESRATIZACIÓN Y FUMIGACIÓN NO AGRÍCOLA', 117),
(749401, 'SERVICIOS DE REVELADO, IMPRESIÓN, AMPLIACIÓN DE FOTOGRAFÍAS', 117),
(749402, 'ACTIVIDADES DE FOTOGRAFÍA PUBLICITARIA', 117),
(749409, 'SERVICIOS PERSONALES DE FOTOGRAFÍA', 117),
(749500, 'SERVICIOS DE ENVASADO Y EMPAQUE', 117),
(749911, 'SERVICIOS DE COBRANZA DE CUENTAS', 117),
(749912, 'EVALUACIÓN Y CALIFICACIÓN DEL GRADO DE SOLVENCIA', 117),
(749913, 'ASESORÍAS EN LA GESTIÓN DE LA COMPRA O VENTA DE PEQUENAS Y MEDIANAS EMPRESAS', 117),
(749921, 'DISENADORES DE VESTUARIO', 117),
(749922, 'DISENADORES DE INTERIORES', 117),
(749929, 'OTROS DISENADORES N.C.P.', 117),
(749931, 'EMPRESAS DE TAQUIGRAFÍA, REPRODUCCIÓN, DESPACHO DE CORRESPONDENCIA, Y OTRAS LABORES DE OFICINA', 117),
(749932, 'SERVICIOS PERSONALES DE TRADUCCIÓN, INTERPRETACIÓN Y LABORES DE OFICINA', 117),
(749933, 'EMPRESAS DE TRADUCCIÓN E INTERPRETACIÓN', 117),
(749934, 'SERVICIOS DE FOTOCOPIAS', 117),
(749940, 'AGENCIAS DE CONTRATACIÓN DE ACTORES', 117),
(749950, 'ACTIVIDADES DE SUBASTA (MARTILLEROS)', 117),
(749961, 'GALERÍAS DE ARTE', 117),
(749962, 'FERIAS DE EXPOSICIONES CON FINES EMPRESARIALES', 117),
(749970, 'SERVICIOS DE CONTESTACIÓN DE LLAMADAS (CALL CENTER)', 117),
(749990, 'OTRAS ACTIVIDADES EMPRESARIALES N.C.P.', 117),
(751110, 'GOBIERNO CENTRAL', 118),
(751120, 'MUNICIPALIDADES', 118),
(751200, 'ACTIVIDADES DEL PODER JUDICIAL', 118),
(751300, 'ACTIVIDADES DEL PODER LEGISLATIVO', 118),
(752100, 'RELACIONES EXTERIORES', 118),
(752200, 'ACTIVIDADES DE DEFENSA', 118),
(752300, 'ACTIVIDADES DE MANTENIMIENTO DEL ORDEN PÚBLICO Y DE SEGURIDAD', 118),
(753010, 'ACTIVIDADES DE PLANES DE SEGURIDAD SOCIAL DE AFILIACIÓN OBLIGATORIA RELACIONADOS CON SALUD', 119),
(753020, 'CAJAS DE COMPENSACIÓN', 119),
(753090, 'OTRAS ACTIVIDADES DE PLANES DE SEGURIDAD SOCIAL DE AFILIACIÓN OBLIGATORIA', 119),
(801010, 'ESTABLECIMIENTOS DE ENSEÑANZA PREESCOLAR', 120),
(801020, 'ESTABLECIMIENTOS DE ENSEÑANZA PRIMARIA', 120),
(802100, 'ESTABLECIMIENTOS DE ENSEÑANZA SECUNDARIA DE FORMACIÓN GENERAL', 120),
(802200, 'ESTABLECIMIENTOS DE ENSEÑANZA SECUNDARIA DE FORMACIÓN TÉCNICA Y PROFESIONAL', 120),
(803010, 'UNIVERSIDADES', 120),
(803020, 'INSTITUTOS PROFESIONALES', 120),
(803030, 'CENTROS DE FORMACIÓN TÉCNICA', 120),
(809010, 'ESTABLECIMIENTOS DE ENSEÑANZA PRIMARIA Y SECUNDARIA PARA ADULTOS', 120),
(809020, 'ESTABLECIMIENTOS DE ENSEÑANZA PREUNIVERSITARIA', 120),
(809030, 'EDUCACIÓN EXTRAESCOLAR (ESCUELA DE CONDUCCIÓN, MÚSICA, MODELAJE, ETC.)', 120),
(809041, 'EDUCACIÓN A DISTANCIA (INTERNET, CORRESPONDENCIA, OTRAS)', 120),
(809049, 'SERVICIOS PERSONALES DE EDUCACIÓN', 120),
(851110, 'HOSPITALES Y CLÍNICAS', 121),
(851120, 'CLÍNICAS PSIQUIATRICAS, CENTROS DE REHABILITACIÓN, ASILOS Y CLÍNICAS DE REPOSO', 121),
(851211, 'SERVICIOS DE MÉDICOS EN FORMA INDEPENDIENTE', 121),
(851212, 'ESTABLECIMIENTOS MÉDICOS DE ATENCIÓN AMBULATORIA (CENTROS MÉDICOS)', 121),
(851221, 'SERVICIOS DE ODONTÓLOGOS EN FORMA INDEPENDIENTE', 121),
(851222, 'CENTROS DE ATENCIÓN ODONTOLÓGICA', 121),
(851910, 'LABORATORIOS CLÍNICOS; INCLUYE BANCOS DE SANGRE', 121),
(851920, 'OTROS PROFESIONALES DE LA SALUD', 121),
(851990, 'OTRAS ACTIVIDADES EMPRESARIALES RELACIONADAS CON LA SALUD HUMANA', 121),
(852010, 'ACTIVIDADES DE CLÍNICAS VETERINARIAS', 122),
(852021, 'SERVICIOS DE MÉDICOS VETERINARIOS EN FORMA INDEPENDIENTE', 122),
(852029, 'SERVICIOS DE OTROS PROFESIONALES INDEPENDIENTES EN EL ÁREA VETERINARIA', 122),
(853100, 'SERVICIOS SOCIALES CON ALOJAMIENTO', 123),
(853200, 'SERVICIOS SOCIALES SIN ALOJAMIENTO', 123),
(900010, 'SERVICIOS DE VERTEDEROS', 124),
(900020, 'BARRIDO DE EXTERIORES', 124),
(900030, 'RECOGIDA Y ELIMINACIÓN DE DESECHOS', 124),
(900040, 'SERVICIOS DE EVACUACIÓN DE RILES Y AGUAS SERVIDAS', 124),
(900050, 'SERVICIOS DE TRATAMIENTO DE RILES Y AGUAS SERVIDAS', 124),
(900090, 'OTRAS ACTIVIDADES DE MANEJO DE DESPERDICIOS', 124),
(911100, 'ACTIVIDADES DE ORGANIZACIONES EMPRESARIALES Y DE EMPLEADORES', 125),
(911210, 'COLEGIOS PROFESIONALES', 125),
(911290, 'ACTIVIDADES DE OTRAS ORGANIZACIONES PROFESIONALES', 125),
(912000, 'ACTIVIDADES DE SINDICATOS', 126),
(919100, 'ACTIVIDADES DE ORGANIZACIONES RELIGIOSAS', 126),
(919200, 'ACTIVIDADES DE ORGANIZACIONES POLÍTICAS', 126),
(919910, 'CENTROS DE MADRES Y UNIDADES VECINALES Y COMUNALES', 126),
(919920, 'CLUBES SOCIALES', 126),
(919930, 'SERVICIOS DE INSTITUTOS DE ESTUDIOS, FUNDACIONES, CORPORACIONES DE DESARROLLO (EDUCACIÓN, SALUD)', 126),
(919990, 'ACTIVIDADES DE OTRAS ASOCIACIONES N.C.P.', 126),
(921110, 'PRODUCCIÓN DE PELÍCULAS CINEMATOGRÁFICAS', 127),
(921120, 'DISTRIBUIDORA CINEMATOGRÁFICAS', 127),
(921200, 'EXHIBICIÓN DE FILMES Y VIDEOCINTAS', 127),
(921310, 'ACTIVIDADES DE TELEVISIÓN', 127),
(921320, 'ACTIVIDADES DE RADIO', 127),
(921411, 'SERVICIOS DE PRODUCCIÓN DE RECITALES Y OTROS EVENTOS MUSICALES MASIVOS', 127),
(921419, 'SERVICIOS DE PRODUCCIÓN TEATRAL Y OTROS N.C.P.', 127),
(921420, 'ACTIVIDADES EMPRESARIALES DE ARTISTAS', 127),
(921430, 'ACTIVIDADES ARTÍSTICAS; FUNCIONES DE ARTISTAS, ACTORES, MÚSICOS, CONFERENCISTAS, OTROS', 127),
(921490, 'AGENCIAS DE VENTA DE BILLETES DE TEATRO, SALAS DE CONCIERTO Y DE TEATRO', 127),
(921911, 'INSTRUCTORES DE DANZA', 127),
(921912, 'ACTIVIDADES DE DISCOTECAS, CABARET, SALAS DE BAILE Y SIMILARES', 127),
(921920, 'ACTIVIDADES DE PARQUES DE ATRACCIONES Y CENTROS SIMILARES', 127),
(921930, 'ESPECTÁCULOS CIRCENSES, DE TÍTERES U OTROS SIMILARES', 127),
(921990, 'OTRAS ACTIVIDADES DE ENTRETENIMIENTO N.C.P.', 127),
(922001, 'AGENCIAS DE NOTICIAS', 128),
(922002, 'SERVICIOS PERIODÍSTICOS PRESTADO POR PROFESIONALES', 128),
(923100, 'ACTIVIDADES DE BIBLIOTECAS Y ARCHIVOS', 129),
(923200, 'ACTIVIDADES DE MUSEOS Y PRESERVACIÓN DE LUGARES Y EDIFICIOS HISTÓRICOS', 129),
(923300, 'ACTIVIDADES DE JARDINES BOTÁNICOS Y ZOOLÓGICOS Y DE PARQUES NACIONALES', 129),
(924110, 'EXPLOTACIÓN DE INSTALACIONES ESPECIALIZADAS PARA LAS PRACTICAS DEPORTIVAS', 130),
(924120, 'ACTIVIDADES DE CLUBES DE DEPORTES Y ESTADIOS', 130),
(924131, 'FUTBOL PROFESIONAL', 130),
(924132, 'FUTBOL AMATEUR', 130),
(924140, 'HIPÓDROMOS', 130),
(924150, 'PROMOCIÓN Y ORGANIZACIÓN DE ESPECTÁCULOS DEPORTIVOS', 130),
(924160, 'ESCUELAS PARA DEPORTES', 130),
(924190, 'OTRAS ACTIVIDADES RELACIONADAS AL DEPORTE N.C.P.', 130),
(924910, 'SISTEMAS DE JUEGOS DE AZAR MASIVOS.', 130),
(924920, 'ACTIVIDADES DE CASINO DE JUEGOS', 130),
(924930, 'SALAS DE BILLAR, BOWLING, POOL Y JUEGOS ELECTRÓNICOS', 130),
(924940, 'CONTRATACIÓN DE ACTORES PARA CINE, TV, Y TEATRO', 130),
(924990, 'OTROS SERVICIOS DE DIVERSIÓN Y ESPARCIMIENTOS N.C.P.', 130),
(930100, 'LAVADO Y LIMPIEZA DE PRENDAS DE TELA Y DE PIEL, INCLUSO LAS LIMPIEZAS EN SECO', 131),
(930200, 'PELUQUERÍAS Y SALONES DE BELLEZA', 131),
(930310, 'SERVICIOS FUNERARIOS', 131),
(930320, 'SERVICIOS EN CEMENTERIOS', 131),
(930330, 'SERVICIOS DE CARROZAS FÚNEBRES (TRANSPORTE DE CADÁVERES)', 131),
(930390, 'OTRAS ACTIVIDADES DE SERVICIOS FUNERARIOS Y OTRAS ACTIVIDADES CONEXAS', 131),
(930910, 'ACTIVIDADES DE MANTENIMIENTO FÍSICO CORPORAL (BAÑOS, TURCOS, SAUNAS)', 131),
(930990, 'OTRAS ACTIVIDADES DE SERVICIOS PERSONALES N.C.P.', 131),
(950001, 'HOGARES PRIVADOS INDIVIDUALES CON SERVICIO DOMÉSTICO', 132),
(950002, 'CONSEJO DE ADMINISTRACIÓN DE EDIFICIOS Y CONDOMINIOS', 132),
(990000, 'ORGANIZACIONES Y ÓRGANOS EXTRATERRITORIALES', 133);

-- --------------------------------------------------------

--
-- Estructura de tabla para la tabla `antecedentes_proyecto`
--

CREATE TABLE IF NOT EXISTS `antecedentes_proyecto` (
  `A_PRO_CORREL` int(10) unsigned NOT NULL,
  `PRO_CORREL` int(10) unsigned NOT NULL,
  `A_PRO_TITULO` varchar(200) COLLATE utf8_spanish_ci DEFAULT NULL,
  `A_PRO_DESCRIPCION` text COLLATE utf8_spanish_ci
) ENGINE=InnoDB DEFAULT CHARSET=utf8 COLLATE=utf8_spanish_ci;

-- --------------------------------------------------------

--
-- Estructura de tabla para la tabla `base`
--

CREATE TABLE IF NOT EXISTS `base` (
  `BAS_CORREL` int(10) unsigned NOT NULL,
  `BAS_NOMBRE` varchar(200) COLLATE utf8_spanish_ci DEFAULT NULL,
  `BAS_DESCRIPCION` text COLLATE utf8_spanish_ci
) ENGINE=InnoDB DEFAULT CHARSET=utf8 COLLATE=utf8_spanish_ci;

-- --------------------------------------------------------

--
-- Estructura de tabla para la tabla `categoria`
--

CREATE TABLE IF NOT EXISTS `categoria` (
  `CAR_CORREL` int(10) unsigned NOT NULL,
  `CAT_NOMBRE` varchar(200) COLLATE utf8_spanish_ci NOT NULL
) ENGINE=InnoDB DEFAULT CHARSET=utf8 COLLATE=utf8_spanish_ci;

-- --------------------------------------------------------

--
-- Estructura de tabla para la tabla `comuna`
--

CREATE TABLE IF NOT EXISTS `comuna` (
  `COM_CORREL` int(10) unsigned NOT NULL,
  `REG_CORREL` int(10) unsigned NOT NULL,
  `COM_NOMBRE` varchar(100) COLLATE utf8_spanish_ci NOT NULL
) ENGINE=InnoDB AUTO_INCREMENT=412 DEFAULT CHARSET=utf8 COLLATE=utf8_spanish_ci;

--
-- Volcado de datos para la tabla `comuna`
--

INSERT INTO `comuna` (`COM_CORREL`, `REG_CORREL`, `COM_NOMBRE`) VALUES
(1, 10, 'ACHAO'),
(2, 5, 'ALGARROBO'),
(3, 13, 'ALHUE'),
(4, 8, 'ALTO BIOBIO'),
(5, 3, 'ALTO DEL CARMEN'),
(6, 1, 'ALTO HOSPICIO'),
(7, 10, 'ANCUD'),
(8, 4, 'ANDACOLLO'),
(9, 9, 'ANGOL'),
(10, 10, 'ANIHUE'),
(11, 12, 'ANTARTICA'),
(12, 2, 'ANTOFAGASTA'),
(13, 8, 'ANTUCO'),
(14, 8, 'ARAUCO'),
(15, 15, 'ARICA'),
(16, 10, 'AUCAR'),
(17, 11, 'BALMACEDA'),
(18, 10, 'BRAUMAN'),
(19, 13, 'BUIN'),
(20, 8, 'BULNES'),
(21, 10, 'BUTACHAUQUES'),
(22, 11, 'C MANCILLA'),
(23, 5, 'CABILDO'),
(24, 8, 'CABRERO'),
(25, 9, 'CAJON'),
(26, 2, 'CALAMA'),
(27, 10, 'CALBUCO'),
(28, 3, 'CALDERA'),
(29, 5, 'CALERA'),
(30, 13, 'CALERA DE TANGO'),
(31, 5, 'CALLE LARGA'),
(32, 15, 'CAMARONES'),
(33, 1, 'CAMINA'),
(34, 8, 'CAMPANARIO'),
(35, 4, 'CANELA'),
(36, 8, 'CANETE'),
(37, 9, 'CARAHUE'),
(38, 5, 'CARTAGENA'),
(39, 5, 'CASABLANCA'),
(40, 10, 'CASTRO'),
(41, 5, 'CATEMU'),
(42, 7, 'CAUQUENES'),
(43, 13, 'CERRILLOS'),
(44, 13, 'CERRO NAVIA'),
(45, 12, 'CERRO SOMBRERO'),
(46, 10, 'CHACAO'),
(47, 10, 'CHAITEN'),
(48, 10, 'CHALLAGUE'),
(49, 3, 'CHANARAL'),
(50, 7, 'CHANCO'),
(51, 10, 'CHENIAO'),
(52, 6, 'CHEPICA'),
(53, 9, 'CHERQUENCO'),
(54, 8, 'CHIGUAYANTE'),
(55, 11, 'CHILE CHICO'),
(56, 8, 'CHILLAN'),
(57, 8, 'CHILLAN VIEJO'),
(58, 6, 'CHIMBARONGO'),
(59, 9, 'CHOLCHOL'),
(60, 10, 'CHONCHI'),
(61, 2, 'CHUQUICAMATA'),
(62, 11, 'CISNES'),
(63, 8, 'COBQUECURA'),
(64, 10, 'COCHAMO'),
(65, 11, 'COCHRANE'),
(66, 6, 'CODEGUA'),
(67, 8, 'COELEMU'),
(68, 8, 'COIHUE'),
(69, 8, 'COIHUECO'),
(70, 6, 'COINCO'),
(71, 7, 'COLBUN'),
(72, 1, 'COLCHANE'),
(73, 13, 'COLINA'),
(74, 9, 'COLLIPULLI'),
(75, 6, 'COLTAUCO'),
(76, 4, 'COMBARBALA'),
(77, 8, 'CONCEPCION'),
(78, 13, 'CONCHALI'),
(79, 5, 'CONCON'),
(80, 7, 'CONSTITUCION'),
(81, 10, 'CONTAO'),
(82, 8, 'CONTULMO'),
(83, 3, 'COPIAPO'),
(84, 4, 'COQUIMBO'),
(85, 8, 'CORONEL'),
(86, 14, 'CORRAL'),
(87, 11, 'COYHAIQUE'),
(88, 9, 'CUNCO'),
(89, 9, 'CURACAUTIN'),
(90, 13, 'CURACAVI'),
(91, 10, 'CURACO DE VELEZ'),
(92, 8, 'CURANILAHUE'),
(93, 9, 'CURARREHUE'),
(94, 7, 'CUREPTO'),
(95, 7, 'CURICO'),
(96, 10, 'DALCAHUE'),
(97, 3, 'DIEGO DE ALMAGRO'),
(98, 6, 'DONIHUE'),
(99, 13, 'EL BOSQUE'),
(100, 8, 'EL CARMEN'),
(101, 13, 'EL MONTE'),
(102, 5, 'EL QUISCO'),
(103, 5, 'EL TABO'),
(104, 7, 'EMPEDRADO'),
(105, 10, 'ENTRELAGOS'),
(106, 9, 'ERCILLA'),
(107, 13, 'ESTACION CENTRAL'),
(108, 8, 'FLORIDA'),
(109, 9, 'FREIRE'),
(110, 3, 'FREIRINA'),
(111, 10, 'FRESIA'),
(112, 10, 'FRUTILLAR'),
(113, 10, 'FUTALEUFU'),
(114, 14, 'FUTRONO'),
(115, 9, 'GALVARINO'),
(116, 15, 'GENERAL LAGOS'),
(117, 9, 'GORBEA'),
(118, 6, 'GRANEROS'),
(119, 11, 'GUAITECAS'),
(120, 5, 'HIJUELAS'),
(121, 5, 'HORCON'),
(122, 10, 'HUALAIHUE'),
(123, 7, 'HUALANE'),
(124, 8, 'HUALPEN'),
(125, 8, 'HUALQUI'),
(126, 1, 'HUARA'),
(127, 3, 'HUASCO'),
(128, 13, 'HUECHURABA'),
(129, 8, 'HUEPIL'),
(130, 10, 'HUILLINCO'),
(131, 4, 'ILLAPEL'),
(132, 13, 'INDEPENDENCIA'),
(133, 1, 'IQUIQUE'),
(134, 10, 'ISLA CHAULINEC'),
(135, 13, 'ISLA DE MAIPO'),
(136, 5, 'ISLA DE PASCUA'),
(137, 10, 'ISLA QUENAC'),
(138, 5, 'JUAN FERNANDEZ'),
(139, 13, 'LA CISTERNA'),
(140, 5, 'LA CRUZ'),
(141, 6, 'LA ESTRELLA'),
(142, 13, 'LA FLORIDA'),
(143, 13, 'LA GRANJA'),
(144, 4, 'LA HIGUERA'),
(145, 5, 'LA LIGUA'),
(146, 13, 'LA PINTANA'),
(147, 13, 'LA REINA'),
(148, 4, 'LA SERENA'),
(149, 14, 'LA UNION'),
(150, 14, 'LAGO RANCO'),
(151, 11, 'LAGO VERDE'),
(152, 12, 'LAGUNA BLANCA'),
(153, 8, 'LAJA'),
(154, 13, 'LAMPA'),
(155, 14, 'LANCO'),
(156, 6, 'LAS CABRAS'),
(157, 13, 'LAS CONDES'),
(158, 10, 'LAS QUEMAS'),
(159, 10, 'LASTARRIA'),
(160, 9, 'LAUTARO'),
(161, 8, 'LEBU'),
(162, 9, 'LICANRAY'),
(163, 7, 'LICANTEN'),
(164, 5, 'LIMACHE'),
(165, 7, 'LINARES'),
(166, 8, 'LIRQUEN'),
(167, 6, 'LITUECHE'),
(168, 10, 'LIUCURA'),
(169, 5, 'LLAILLAY'),
(170, 10, 'LLANQUIHUE'),
(171, 10, 'LLIFEN'),
(172, 13, 'LO BARNECHEA'),
(173, 13, 'LO ESPEJO'),
(174, 13, 'LO PRADO'),
(175, 6, 'LOLOL'),
(176, 9, 'LONCOCHE'),
(177, 7, 'LONGAVI'),
(178, 9, 'LONQUIMAY'),
(179, 8, 'LOS ALAMOS'),
(180, 5, 'LOS ANDES'),
(181, 8, 'LOS ANGELES'),
(182, 14, 'LOS LAGOS'),
(183, 9, 'LOS LAURELES'),
(184, 10, 'LOS MUERMOS'),
(185, 9, 'LOS SAUCES'),
(186, 4, 'LOS VILOS'),
(187, 8, 'LOTA'),
(188, 9, 'LUMACO'),
(189, 6, 'MACHALI'),
(190, 13, 'MACUL'),
(191, 14, 'MAFIL'),
(192, 13, 'MAIPU'),
(193, 11, 'MALLIN GRANDE'),
(194, 6, 'MALLOA'),
(195, 6, 'MARCHIHUE'),
(196, 2, 'MARIA ELENA'),
(197, 13, 'MARIA PINTO'),
(198, 7, 'MAULE'),
(199, 10, 'MAULLIN'),
(200, 10, 'MECHUQUE'),
(201, 2, 'MEJILLONES'),
(202, 10, 'MELINKA'),
(203, 9, 'MELIPEUCO'),
(204, 13, 'MELIPILLA'),
(205, 10, 'MILLANTU'),
(206, 7, 'MOLINA'),
(207, 8, 'MONTE AGUILA'),
(208, 4, 'MONTE PATRIA'),
(209, 6, 'MOSTAZAL'),
(210, 8, 'MULCHEN'),
(211, 8, 'NACIMIENTO'),
(212, 6, 'NANCAGUA'),
(213, 12, 'NAVARINO'),
(214, 6, 'NAVIDAD'),
(215, 8, 'NEGRETE'),
(216, 10, 'NELTUME'),
(217, 8, 'NINHUE'),
(218, 8, 'NIPAS'),
(219, 8, 'NIQUEN'),
(221, 5, 'NOGALES'),
(222, 10, 'NUEVA BRAUNAU'),
(223, 9, 'NUEVA IMPERIAL'),
(224, 9, 'NUEVA TOLTEN'),
(225, 13, 'NUNOA'),
(226, 6, 'OLIVAR'),
(227, 2, 'OLLAGUE'),
(228, 5, 'OLMUE'),
(229, 10, 'OSORNO'),
(230, 4, 'OVALLE'),
(231, 13, 'P.AGUIRRE CERDA'),
(232, 13, 'PADRE HURTADO'),
(233, 9, 'PADRE LAS CASAS'),
(234, 4, 'PAIGUANO'),
(235, 14, 'PAILLACO'),
(236, 13, 'PAINE'),
(237, 10, 'PALENA'),
(238, 6, 'PALMILLA'),
(239, 14, 'PANGUIPULLI'),
(240, 5, 'PANQUEHUE'),
(241, 5, 'PAPUDO'),
(242, 6, 'PAREDONES'),
(243, 10, 'PARGUA'),
(244, 7, 'PARRAL'),
(245, 7, 'PELARCO'),
(246, 10, 'PELCHUQUIN'),
(247, 7, 'PELLUHUE'),
(248, 8, 'PEMUCO'),
(249, 5, 'PENABLANCA'),
(250, 13, 'PENAFLOR'),
(251, 13, 'PENALOLEN'),
(252, 7, 'PENCAHUE'),
(253, 8, 'PENCO'),
(254, 6, 'PERALILLO'),
(255, 9, 'PERQUENCO'),
(256, 5, 'PETORCA'),
(257, 6, 'PEUMO'),
(258, 1, 'PICA'),
(259, 6, 'PICHIDEGUA'),
(260, 6, 'PICHILEMU'),
(261, 9, 'PILLANLELBUN'),
(262, 8, 'PINTO'),
(263, 13, 'PIRQUE'),
(264, 9, 'PITRUFQUEN'),
(265, 6, 'PLACILLA'),
(266, 8, 'PORTEZUELO'),
(267, 12, 'PORVENIR'),
(268, 1, 'POZO ALMONTE'),
(269, 12, 'PRIMAVERA'),
(270, 13, 'PROVIDENCIA'),
(271, 11, 'PTO CHACABUCO'),
(272, 9, 'PTO DOMINGUEZ'),
(273, 9, 'PTO SAAVEDRA'),
(274, 5, 'PUCHUNCAVI'),
(275, 9, 'PUCON'),
(276, 13, 'PUDAHUEL'),
(277, 13, 'PUENTE ALTO'),
(278, 11, 'PUERTO AYSEN'),
(279, 10, 'PUERTO CHICO'),
(280, 11, 'PUERTO GUADAL'),
(281, 11, 'PUERTO IBANEZ'),
(282, 10, 'PUERTO MONTT'),
(283, 12, 'PUERTO NATALES'),
(284, 10, 'PUERTO OCTAY'),
(285, 11, 'PUERTO SANCHEZ'),
(286, 10, 'PUERTO VARAS'),
(287, 12, 'PUERTO WILLIAMS'),
(288, 6, 'PUMANQUE'),
(289, 4, 'PUNITAQUI'),
(290, 12, 'PUNTA ARENAS'),
(291, 10, 'PUQUELDON'),
(292, 9, 'PUREN'),
(293, 10, 'PURRANQUE'),
(294, 5, 'PUTAENDO'),
(295, 15, 'PUTRE'),
(296, 10, 'PUYEHUE'),
(297, 10, 'QUEILEN'),
(298, 10, 'QUELDON'),
(299, 10, 'QUELLON'),
(300, 10, 'QUEMCHI'),
(301, 9, 'QUEPE'),
(302, 8, 'QUILACO'),
(303, 13, 'QUILICURA'),
(304, 8, 'QUILLECO'),
(305, 8, 'QUILLON'),
(306, 5, 'QUILLOTA'),
(307, 5, 'QUILPUE'),
(308, 10, 'QUINCHAO'),
(309, 6, 'QUINTA DE TILCOCO'),
(310, 13, 'QUINTA NORMAL'),
(311, 5, 'QUINTERO'),
(312, 8, 'QUIRIHUE'),
(313, 8, 'RAMADILLAS'),
(314, 6, 'RANCAGUA'),
(315, 8, 'RANQUIL'),
(316, 7, 'RAUCO'),
(317, 8, 'RECINTO'),
(318, 13, 'RECOLETA'),
(319, 9, 'RENAICO'),
(320, 13, 'RENCA'),
(321, 6, 'RENGO'),
(322, 6, 'REQUINOA'),
(323, 7, 'RETIRO'),
(324, 10, 'REUMEN'),
(325, 5, 'RINCONADA'),
(326, 14, 'RIO BUENO'),
(327, 7, 'RIO CLARO'),
(328, 10, 'RIO FRIO'),
(329, 4, 'RIO HURTADO'),
(330, 11, 'RIO IBANEZ'),
(331, 10, 'RIO NEGRO'),
(332, 10, 'RIO PUELO'),
(333, 11, 'RIO TRANQUILO'),
(334, 12, 'RIO VERDE'),
(335, 7, 'ROMERAL'),
(336, 13, 'S.JOSE DE MAIPO'),
(337, 10, 'S.JUAN DE LA COSTA'),
(338, 7, 'SAGRADA FAMILIA'),
(339, 4, 'SALAMANCA'),
(340, 5, 'SAN ANTONIO'),
(341, 13, 'SAN BERNARDO'),
(342, 8, 'SAN CARLOS'),
(343, 7, 'SAN CLEMENTE'),
(344, 5, 'SAN ESTEBAN'),
(345, 8, 'SAN FABIAN'),
(346, 5, 'SAN FELIPE'),
(347, 6, 'SAN FERNANDO'),
(348, 12, 'SAN GREGORIO'),
(349, 8, 'SAN IGNACIO'),
(350, 7, 'SAN JAVIER'),
(351, 13, 'SAN JOAQUIN'),
(352, 14, 'SAN JOSE DE LA MARIQUINA'),
(353, 13, 'SAN MIGUEL'),
(354, 8, 'SAN NICOLAS'),
(355, 10, 'SAN PABLO'),
(356, 13, 'SAN PEDRO'),
(357, 2, 'SAN PEDRO DE ATACAMA'),
(358, 8, 'SAN PEDRO DE LA PAZ'),
(359, 7, 'SAN RAFAEL'),
(360, 13, 'SAN RAMON'),
(361, 8, 'SAN ROSENDO'),
(362, 6, 'SAN VICENTE'),
(363, 8, 'SANTA BARBARA'),
(364, 6, 'SANTA CRUZ'),
(365, 8, 'SANTA FE'),
(366, 8, 'SANTA JUANA'),
(367, 5, 'SANTA MARIA'),
(368, 13, 'SANTIAGO'),
(369, 5, 'SANTO DOMINGO'),
(370, 9, 'SELVA OSCURA'),
(371, 2, 'SIERRA GORDA'),
(372, 13, 'TALAGANTE'),
(373, 7, 'TALCA'),
(374, 8, 'TALCAHUANO'),
(375, 8, 'TALCAMAVIDA'),
(376, 2, 'TALTAL'),
(377, 9, 'TEMUCO'),
(378, 10, 'TENAUN'),
(379, 7, 'TENO'),
(380, 9, 'TEODORO SCHMIDT'),
(381, 3, 'TIERRA AMARILLA'),
(382, 13, 'TILTIL'),
(383, 12, 'TIMAUKEL'),
(384, 8, 'TIRUA'),
(385, 2, 'TOCOPILLA'),
(386, 9, 'TOLTEN'),
(387, 8, 'TOME'),
(388, 12, 'TORRES DE PAINE'),
(389, 11, 'TORTEL'),
(390, 9, 'TRAIGUEN'),
(391, 8, 'TREGUACO'),
(392, 8, 'TRUPAN'),
(393, 8, 'TUCAPEL'),
(394, 14, 'VALDIVIA'),
(395, 3, 'VALLENAR'),
(396, 5, 'VALPARAISO'),
(397, 7, 'VICHUQUEN'),
(398, 9, 'VICTORIA'),
(399, 4, 'VICUNA'),
(400, 9, 'VILCUN'),
(401, 7, 'VILLA ALEGRE'),
(402, 5, 'VILLA ALEMANA'),
(403, 11, 'VILLA OHIGGINS'),
(404, 9, 'VILLARRICA'),
(405, 5, 'VINA DEL MAR'),
(406, 13, 'VITACURA'),
(407, 10, 'VOIGUE'),
(408, 7, 'YERBAS BUENAS'),
(409, 8, 'YUMBEL'),
(410, 8, 'YUNGAY'),
(411, 5, 'ZAPALLAR');

-- --------------------------------------------------------

--
-- Estructura de tabla para la tabla `controller`
--

CREATE TABLE IF NOT EXISTS `controller` (
  `CON_CORREL` int(10) unsigned NOT NULL,
  `CON_NOMBRE` varchar(200) COLLATE utf8_spanish_ci NOT NULL,
  `CON_FICTICIO` varchar(200) COLLATE utf8_spanish_ci NOT NULL
) ENGINE=InnoDB AUTO_INCREMENT=5 DEFAULT CHARSET=utf8 COLLATE=utf8_spanish_ci;

--
-- Volcado de datos para la tabla `controller`
--

INSERT INTO `controller` (`CON_CORREL`, `CON_NOMBRE`, `CON_FICTICIO`) VALUES
(1, 'persona', 'Control de Personas'),
(2, 'role', 'Control de Roles'),
(3, 'empresa', 'Control de Empresas'),
(4, 'usuario', 'Control de Usuarios');

-- --------------------------------------------------------

--
-- Estructura de tabla para la tabla `departamento`
--

CREATE TABLE IF NOT EXISTS `departamento` (
  `DEP_CORREL` int(10) unsigned NOT NULL,
  `EMP_CORREL` int(10) unsigned NOT NULL,
  `DEP_NOMBRE` varchar(200) COLLATE utf8_spanish_ci NOT NULL,
  `DEP_DESCRIPCION` text COLLATE utf8_spanish_ci
) ENGINE=InnoDB DEFAULT CHARSET=utf8 COLLATE=utf8_spanish_ci;

-- --------------------------------------------------------

--
-- Estructura de tabla para la tabla `detalle`
--

CREATE TABLE IF NOT EXISTS `detalle` (
  `DET_CORREL` int(10) unsigned NOT NULL,
  `PROP_CORREL` int(10) unsigned NOT NULL,
  `INF_CORREL` int(10) unsigned NOT NULL,
  `PRO_CORREL` int(10) unsigned NOT NULL,
  `DET_NOTA` decimal(6,2) NOT NULL
) ENGINE=InnoDB DEFAULT CHARSET=utf8 COLLATE=utf8_spanish_ci;

-- --------------------------------------------------------

--
-- Estructura de tabla para la tabla `documento`
--

CREATE TABLE IF NOT EXISTS `documento` (
  `DOC_CORREL` int(10) unsigned NOT NULL,
  `PROP_CORREL` int(10) unsigned NOT NULL,
  `DOC_ANTERIOR` int(10) unsigned NOT NULL
) ENGINE=InnoDB DEFAULT CHARSET=utf8 COLLATE=utf8_spanish_ci;

-- --------------------------------------------------------

--
-- Estructura de tabla para la tabla `emp_has_act`
--

CREATE TABLE IF NOT EXISTS `emp_has_act` (
  `EMP_CORREL` int(10) unsigned NOT NULL,
  `ACT_CORREL` mediumint(8) unsigned NOT NULL
) ENGINE=InnoDB DEFAULT CHARSET=utf8 COLLATE=utf8_spanish_ci;

--
-- Volcado de datos para la tabla `emp_has_act`
--

INSERT INTO `emp_has_act` (`EMP_CORREL`, `ACT_CORREL`) VALUES
(13, 512120),
(13, 515006),
(13, 630100),
(13, 749912);

-- --------------------------------------------------------

--
-- Estructura de tabla para la tabla `emp_has_bas`
--

CREATE TABLE IF NOT EXISTS `emp_has_bas` (
  `BAS_CORREL` int(10) unsigned NOT NULL,
  `EMP_CORREL` int(10) unsigned NOT NULL
) ENGINE=InnoDB DEFAULT CHARSET=utf8 COLLATE=utf8_spanish_ci;

-- --------------------------------------------------------

--
-- Estructura de tabla para la tabla `emp_has_rol`
--

CREATE TABLE IF NOT EXISTS `emp_has_rol` (
  `EMP_CORREL` int(10) unsigned NOT NULL,
  `ROL_CORREL` int(10) unsigned NOT NULL
) ENGINE=InnoDB DEFAULT CHARSET=utf8 COLLATE=utf8_spanish_ci;

-- --------------------------------------------------------

--
-- Estructura de tabla para la tabla `empresa`
--

CREATE TABLE IF NOT EXISTS `empresa` (
  `EMP_CORREL` int(10) unsigned NOT NULL,
  `COM_CORREL` int(10) unsigned DEFAULT NULL,
  `EMP_RUT` varchar(12) COLLATE utf8_spanish_ci DEFAULT NULL,
  `EMP_RSOCIAL` varchar(200) COLLATE utf8_spanish_ci DEFAULT NULL,
  `EMP_FANTASIA` varchar(200) COLLATE utf8_spanish_ci DEFAULT NULL,
  `EMP_PREFIJO` varchar(200) COLLATE utf8_spanish_ci DEFAULT NULL,
  `EMP_GIRO` varchar(200) COLLATE utf8_spanish_ci DEFAULT NULL,
  `EMP_INC` varchar(200) COLLATE utf8_spanish_ci DEFAULT NULL,
  `EMP_TELEFONO` varchar(200) COLLATE utf8_spanish_ci DEFAULT NULL,
  `EMP_CELULAR` varchar(200) COLLATE utf8_spanish_ci DEFAULT NULL,
  `EMP_WEB` varchar(200) COLLATE utf8_spanish_ci DEFAULT NULL,
  `EMP_EMAIL` varchar(200) COLLATE utf8_spanish_ci DEFAULT NULL,
  `EMP_TWEETER` varchar(200) COLLATE utf8_spanish_ci DEFAULT NULL,
  `EMP_FACEBOOK` varchar(200) COLLATE utf8_spanish_ci DEFAULT NULL,
  `EMP_SKYPE` varchar(200) COLLATE utf8_spanish_ci DEFAULT NULL,
  `EMP_ESTADO` varchar(200) COLLATE utf8_spanish_ci DEFAULT NULL
) ENGINE=InnoDB AUTO_INCREMENT=14 DEFAULT CHARSET=utf8 COLLATE=utf8_spanish_ci;

--
-- Volcado de datos para la tabla `empresa`
--

INSERT INTO `empresa` (`EMP_CORREL`, `COM_CORREL`, `EMP_RUT`, `EMP_RSOCIAL`, `EMP_FANTASIA`, `EMP_PREFIJO`, `EMP_GIRO`, `EMP_INC`, `EMP_TELEFONO`, `EMP_CELULAR`, `EMP_WEB`, `EMP_EMAIL`, `EMP_TWEETER`, `EMP_FACEBOOK`, `EMP_SKYPE`, `EMP_ESTADO`) VALUES
(13, 72, '18.108.559-2', 'Rubenosky Limitada', 'Ruben', 'RBN', NULL, NULL, '0412984092', '91223304', 'www.ruben.com', 'rbn@hotmail.com', 'asd', 'asd', 'ads', NULL);

-- --------------------------------------------------------

--
-- Estructura de tabla para la tabla `est_propuesta`
--

CREATE TABLE IF NOT EXISTS `est_propuesta` (
  `E_PRO_CORREL` int(10) unsigned NOT NULL,
  `E_PRO_NOMBRE` varchar(200) COLLATE utf8_spanish_ci DEFAULT NULL
) ENGINE=InnoDB DEFAULT CHARSET=utf8 COLLATE=utf8_spanish_ci;

-- --------------------------------------------------------

--
-- Estructura de tabla para la tabla `est_proyecto`
--

CREATE TABLE IF NOT EXISTS `est_proyecto` (
  `E_PRO_CORREL` int(10) unsigned NOT NULL,
  `E_PRO_NOMBRE` varchar(200) COLLATE utf8_spanish_ci NOT NULL
) ENGINE=InnoDB DEFAULT CHARSET=utf8 COLLATE=utf8_spanish_ci;

-- --------------------------------------------------------

--
-- Estructura de tabla para la tabla `evalua`
--

CREATE TABLE IF NOT EXISTS `evalua` (
  `BAS_CORREL` int(10) unsigned NOT NULL,
  `PER_CORREL` int(10) unsigned NOT NULL
) ENGINE=InnoDB DEFAULT CHARSET=utf8 COLLATE=utf8_spanish_ci;

-- --------------------------------------------------------

--
-- Estructura de tabla para la tabla `f_documentos`
--

CREATE TABLE IF NOT EXISTS `f_documentos` (
  `F_DOC_CORREL` int(10) unsigned NOT NULL,
  `FOR_CORREL` int(10) unsigned NOT NULL,
  `F_DOC_ANTERIOR` int(10) unsigned NOT NULL,
  `F_DOC_NOMBRE` varchar(200) COLLATE utf8_spanish_ci DEFAULT NULL,
  `F_DOC_RUTA` varchar(200) COLLATE utf8_spanish_ci DEFAULT NULL,
  `F_DOC_FECHA` timestamp NOT NULL DEFAULT CURRENT_TIMESTAMP ON UPDATE CURRENT_TIMESTAMP
) ENGINE=InnoDB DEFAULT CHARSET=utf8 COLLATE=utf8_spanish_ci;

-- --------------------------------------------------------

--
-- Estructura de tabla para la tabla `for_has_base`
--

CREATE TABLE IF NOT EXISTS `for_has_base` (
  `BAS_CORREL` int(10) unsigned NOT NULL,
  `FOR_CORREL` int(10) unsigned NOT NULL
) ENGINE=InnoDB DEFAULT CHARSET=utf8 COLLATE=utf8_spanish_ci;

-- --------------------------------------------------------

--
-- Estructura de tabla para la tabla `formulario`
--

CREATE TABLE IF NOT EXISTS `formulario` (
  `FOR_CORREL` int(10) unsigned NOT NULL,
  `PRO_CORREL` int(10) unsigned NOT NULL,
  `FOR_NOMBRE` varchar(200) COLLATE utf8_spanish_ci DEFAULT NULL,
  `FOR_DESCRIPCION` text COLLATE utf8_spanish_ci,
  `FOR_PONDERACION` decimal(6,2) DEFAULT NULL,
  `FOR_DETALLE` text COLLATE utf8_spanish_ci
) ENGINE=InnoDB DEFAULT CHARSET=utf8 COLLATE=utf8_spanish_ci;

-- --------------------------------------------------------

--
-- Estructura de tabla para la tabla `informe_ejecutivo`
--

CREATE TABLE IF NOT EXISTS `informe_ejecutivo` (
  `INF_CORREL` int(10) unsigned NOT NULL,
  `INF_NOMBRE` varchar(200) COLLATE utf8_spanish_ci DEFAULT NULL,
  `INF_DESCRIPCION` text COLLATE utf8_spanish_ci,
  `INF_FINICIO` date DEFAULT NULL,
  `INF_FTERMINO` date DEFAULT NULL
) ENGINE=InnoDB DEFAULT CHARSET=utf8 COLLATE=utf8_spanish_ci;

-- --------------------------------------------------------

--
-- Estructura de tabla para la tabla `item_propuesta`
--

CREATE TABLE IF NOT EXISTS `item_propuesta` (
  `I_PRO_CORREL` int(10) unsigned NOT NULL,
  `ITE_CORREL` int(10) unsigned NOT NULL,
  `PROP_CORREL` int(10) unsigned NOT NULL,
  `PER_CORREL` int(10) unsigned NOT NULL,
  `I_PRO_PUNTAJE` decimal(6,2) DEFAULT NULL,
  `I_PRO_CONTENIDO` text COLLATE utf8_spanish_ci,
  `ITE_ESTADO` varchar(200) COLLATE utf8_spanish_ci DEFAULT NULL
) ENGINE=InnoDB DEFAULT CHARSET=utf8 COLLATE=utf8_spanish_ci;

-- --------------------------------------------------------

--
-- Estructura de tabla para la tabla `p_documento`
--

CREATE TABLE IF NOT EXISTS `p_documento` (
  `P_DOC_CORREL` int(10) unsigned NOT NULL,
  `I_PRO_CORREL` int(10) unsigned NOT NULL,
  `P_COC_ANTERIOR` int(10) unsigned NOT NULL
) ENGINE=InnoDB DEFAULT CHARSET=utf8 COLLATE=utf8_spanish_ci;

-- --------------------------------------------------------

--
-- Estructura de tabla para la tabla `persona`
--

CREATE TABLE IF NOT EXISTS `persona` (
  `PER_CORREL` int(10) unsigned NOT NULL,
  `EMP_CORREL` int(10) unsigned DEFAULT NULL,
  `COM_CORREL` int(10) unsigned DEFAULT NULL,
  `PER_NOMBRE` varchar(200) COLLATE utf8_spanish_ci DEFAULT NULL,
  `PER_PATERNO` varchar(200) COLLATE utf8_spanish_ci DEFAULT NULL,
  `PER_MATERNO` varchar(200) COLLATE utf8_spanish_ci DEFAULT NULL,
  `PER_CARGO` varchar(200) COLLATE utf8_spanish_ci DEFAULT NULL,
  `PER_TIPO` varchar(200) COLLATE utf8_spanish_ci DEFAULT NULL,
  `PER_NIVEL` varchar(200) COLLATE utf8_spanish_ci DEFAULT NULL,
  `PER_EMAIL` varchar(200) COLLATE utf8_spanish_ci DEFAULT NULL,
  `PER_RUT` varchar(12) COLLATE utf8_spanish_ci DEFAULT NULL
) ENGINE=InnoDB AUTO_INCREMENT=4 DEFAULT CHARSET=utf8 COLLATE=utf8_spanish_ci;

--
-- Volcado de datos para la tabla `persona`
--

INSERT INTO `persona` (`PER_CORREL`, `EMP_CORREL`, `COM_CORREL`, `PER_NOMBRE`, `PER_PATERNO`, `PER_MATERNO`, `PER_CARGO`, `PER_TIPO`, `PER_NIVEL`, `PER_EMAIL`, `PER_RUT`) VALUES
(2, NULL, NULL, 'Ruben', 'Tejeda', 'Roa', NULL, NULL, NULL, NULL, '18.108.559-2'),
(3, NULL, NULL, 'Jefe de Proyecto', NULL, NULL, NULL, NULL, NULL, NULL, '11.111.111-1');

-- --------------------------------------------------------

--
-- Estructura de tabla para la tabla `plan_estrategico`
--

CREATE TABLE IF NOT EXISTS `plan_estrategico` (
  `P_EST_CORREL` int(10) unsigned NOT NULL,
  `EMP_CORREL` int(10) unsigned NOT NULL,
  `P_EST_NOMBRE` varchar(200) COLLATE utf8_spanish_ci DEFAULT NULL,
  `P_EST_DESCRIPCION` text COLLATE utf8_spanish_ci,
  `P_EST_FINICIO` date DEFAULT NULL,
  `P_EST_FTERMINO` date DEFAULT NULL
) ENGINE=InnoDB DEFAULT CHARSET=utf8 COLLATE=utf8_spanish_ci;

-- --------------------------------------------------------

--
-- Estructura de tabla para la tabla `propuesta`
--

CREATE TABLE IF NOT EXISTS `propuesta` (
  `PROP_CORREL` int(10) unsigned NOT NULL,
  `PRO_CORREL` int(10) unsigned NOT NULL,
  `PER_CORREL` int(10) unsigned NOT NULL,
  `E_PRO_CORREL` int(10) unsigned NOT NULL,
  `EMP_CORREL` int(10) unsigned NOT NULL,
  `PER_PER_CORREL` int(10) unsigned NOT NULL,
  `FECHA_INICIO` date DEFAULT NULL,
  `FECHA_REVISADO` date DEFAULT NULL,
  `FECHA_TERMINO` date DEFAULT NULL,
  `PRO_NOMBRE` varchar(200) COLLATE utf8_spanish_ci DEFAULT NULL
) ENGINE=InnoDB DEFAULT CHARSET=utf8 COLLATE=utf8_spanish_ci;

-- --------------------------------------------------------

--
-- Estructura de tabla para la tabla `proyecto`
--

CREATE TABLE IF NOT EXISTS `proyecto` (
  `PRO_CORREL` int(10) unsigned NOT NULL,
  `EMP_CORREL` int(10) unsigned NOT NULL,
  `P_EST_CORREL` int(10) unsigned NOT NULL,
  `PER_CORREL` int(10) unsigned NOT NULL,
  `TIP_CORREL` int(10) unsigned NOT NULL,
  `E_PRO_CORREL` int(10) unsigned NOT NULL,
  `A_PRO_CORREL` int(10) unsigned NOT NULL,
  `PRO_FINICIO` date DEFAULT NULL,
  `PRO_FTERMINO` date DEFAULT NULL,
  `PRO_FREVISADA` date DEFAULT NULL,
  `PRO_FVERIFICADA` date DEFAULT NULL,
  `PRO_FDESCARTADO` date DEFAULT NULL,
  `PRO_TAMANO` varchar(100) COLLATE utf8_spanish_ci DEFAULT NULL,
  `PRO_PRIORIDAD` varchar(100) COLLATE utf8_spanish_ci DEFAULT NULL,
  `PRO_COMPLEJIDAD` varchar(100) COLLATE utf8_spanish_ci DEFAULT NULL
) ENGINE=InnoDB DEFAULT CHARSET=utf8 COLLATE=utf8_spanish_ci;

-- --------------------------------------------------------

--
-- Estructura de tabla para la tabla `rechazo_propuesta`
--

CREATE TABLE IF NOT EXISTS `rechazo_propuesta` (
  `REZ_CORREL` int(10) unsigned NOT NULL,
  `PROP_CORREL` int(10) unsigned NOT NULL,
  `REZ_DESCRIPCION` text COLLATE utf8_spanish_ci,
  `REZ_ESTADO` varchar(200) COLLATE utf8_spanish_ci DEFAULT NULL,
  `REZ_FECHA` date DEFAULT NULL
) ENGINE=InnoDB DEFAULT CHARSET=utf8 COLLATE=utf8_spanish_ci;

-- --------------------------------------------------------

--
-- Estructura de tabla para la tabla `region`
--

CREATE TABLE IF NOT EXISTS `region` (
  `REG_CORREL` int(10) unsigned NOT NULL,
  `REG_NOMBRE` varchar(100) COLLATE utf8_spanish_ci NOT NULL,
  `REG_SIMBOLO` varchar(10) COLLATE utf8_spanish_ci NOT NULL
) ENGINE=InnoDB AUTO_INCREMENT=16 DEFAULT CHARSET=utf8 COLLATE=utf8_spanish_ci;

--
-- Volcado de datos para la tabla `region`
--

INSERT INTO `region` (`REG_CORREL`, `REG_NOMBRE`, `REG_SIMBOLO`) VALUES
(1, 'TARAPACA', 'I'),
(2, 'ANTOFAGASTA', 'II'),
(3, 'ATACAMA', 'III'),
(4, 'COQUIMBO', 'IV'),
(5, 'VALPARAISO', 'V'),
(6, 'LIBERTADOR GENERAL B. OHIGGINS', 'VI'),
(7, 'MAULE', 'VII'),
(8, 'BIO-BIO', 'VIII'),
(9, 'LA ARAUCANIA', 'IX'),
(10, 'LOS LAGOS', 'X'),
(11, 'AYSEN', 'XI'),
(12, 'MAGALLANES Y ANTARTICA', 'XII'),
(13, 'METROPOLITANA DE SANTIAGO', 'RM'),
(14, 'LOS RIOS', 'XIV'),
(15, 'ARICA Y PARINACOTA', 'XV');

-- --------------------------------------------------------

--
-- Estructura de tabla para la tabla `rol_has_action`
--

CREATE TABLE IF NOT EXISTS `rol_has_action` (
  `ROL_CORREL` int(10) unsigned NOT NULL,
  `ACT_CORREL` int(10) unsigned NOT NULL
) ENGINE=InnoDB DEFAULT CHARSET=utf8 COLLATE=utf8_spanish_ci;

--
-- Volcado de datos para la tabla `rol_has_action`
--

INSERT INTO `rol_has_action` (`ROL_CORREL`, `ACT_CORREL`) VALUES
(3, 5),
(4, 5),
(5, 5),
(6, 5),
(7, 5),
(8, 5),
(3, 6),
(4, 6),
(5, 6),
(6, 6),
(7, 6),
(8, 6),
(3, 7),
(4, 7),
(5, 7),
(6, 7),
(7, 7),
(8, 7),
(3, 8),
(4, 8),
(5, 8),
(6, 8),
(7, 8),
(8, 8),
(3, 9),
(4, 9),
(5, 9),
(6, 9),
(7, 9),
(8, 9),
(3, 10),
(4, 10),
(5, 10),
(6, 10),
(7, 10),
(8, 10),
(3, 11),
(4, 11),
(5, 11),
(6, 11),
(7, 11),
(8, 11),
(3, 12),
(4, 12),
(5, 12),
(6, 12),
(7, 12),
(8, 12),
(3, 13),
(4, 13),
(5, 13),
(6, 13),
(7, 13),
(8, 13),
(3, 14),
(4, 14),
(5, 14),
(6, 14),
(7, 14),
(8, 14),
(3, 15),
(4, 15),
(5, 15),
(6, 15),
(7, 15),
(8, 15),
(3, 16),
(4, 16),
(5, 16),
(6, 16),
(7, 16),
(8, 16),
(3, 17),
(4, 17),
(5, 17),
(6, 17),
(7, 17),
(8, 17),
(3, 18),
(4, 18),
(5, 18),
(6, 18),
(7, 18),
(8, 18),
(3, 19),
(4, 19),
(5, 19),
(6, 19),
(7, 19),
(8, 19),
(3, 20),
(4, 20),
(5, 20),
(6, 20),
(7, 20),
(8, 20),
(3, 21),
(4, 21),
(5, 21),
(6, 21),
(7, 21),
(8, 21),
(3, 22),
(4, 22),
(5, 22),
(6, 22),
(7, 22),
(8, 22),
(3, 23),
(4, 23),
(5, 23),
(6, 23),
(7, 23),
(8, 23),
(3, 24),
(4, 24),
(5, 24),
(6, 24),
(7, 24),
(8, 24),
(3, 25),
(4, 25),
(5, 25),
(6, 25),
(7, 25),
(8, 25),
(3, 26),
(4, 26),
(5, 26),
(6, 26),
(7, 26),
(8, 26),
(3, 27),
(4, 27),
(5, 27),
(6, 27),
(7, 27),
(8, 27);

-- --------------------------------------------------------

--
-- Estructura de tabla para la tabla `role`
--

CREATE TABLE IF NOT EXISTS `role` (
  `ROL_CORREL` int(10) unsigned NOT NULL,
  `ROL_NOMBRE` varchar(200) COLLATE utf8_spanish_ci DEFAULT NULL
) ENGINE=InnoDB AUTO_INCREMENT=9 DEFAULT CHARSET=utf8 COLLATE=utf8_spanish_ci;

--
-- Volcado de datos para la tabla `role`
--

INSERT INTO `role` (`ROL_CORREL`, `ROL_NOMBRE`) VALUES
(1, 'SuperAdministrador'),
(2, 'Administrador'),
(3, 'Jefe de Proyecto'),
(4, 'Asesor de Proyecto'),
(5, 'Evaluador'),
(6, 'Funcionario'),
(7, 'Secretaria'),
(8, 'Empresa Licitadora');

-- --------------------------------------------------------

--
-- Estructura de tabla para la tabla `rubro`
--

CREATE TABLE IF NOT EXISTS `rubro` (
  `RUB_CORREL` tinyint(4) unsigned NOT NULL,
  `RUB_NOMBRE` varchar(150) COLLATE utf8_spanish_ci NOT NULL
) ENGINE=InnoDB DEFAULT CHARSET=utf8 COLLATE=utf8_spanish_ci;

--
-- Volcado de datos para la tabla `rubro`
--

INSERT INTO `rubro` (`RUB_CORREL`, `RUB_NOMBRE`) VALUES
(1, 'AGRICULTURA, GANADERÍA, CAZA Y SILVICULTURA'),
(2, 'PESCA'),
(3, 'EXPLOTACIÓN DE MINAS Y CANTERAS'),
(4, 'INDUSTRIAS MANUFACTURERAS NO METÁLICAS'),
(5, 'INDUSTRIAS MANUFACTURERAS METÁLICAS'),
(6, 'SUMINISTRO DE ELECTRICIDAD, GAS Y AGUA '),
(7, 'CONSTRUCCIÓN '),
(8, 'COMERCIO AL POR MAYOR Y MENOR; REP. VEH.AUTOMOTORES/ENSERES DOMÉSTICOS '),
(9, 'HOTELES Y RESTAURANTES '),
(10, 'TRANSPORTE, ALMACENAMIENTO Y COMUNICACIONES '),
(11, 'INTERMEDIACIÓN FINANCIERA '),
(12, 'ACTIVIDADES INMOBILIARIAS, EMPRESARIALES Y DE ALQUILER '),
(13, 'ADM. PUBLICA Y DEFENSA; PLANES DE SEG. SOCIAL AFILIACIÓN OBLIGATORIA '),
(14, 'ENSEÑANZA '),
(15, 'SERVICIOS SOCIALES Y DE SALUD '),
(16, 'OTRAS ACTIVIDADES DE SERVICIOS COMUNITARIAS, SOCIALES Y PERSONALES '),
(17, 'CONSEJO DE ADMINISTRACIÓN DE EDIFICIOS Y CONDOMINIOS '),
(18, 'ORGANIZACIONES Y ÓRGANOS EXTRATERRITORIALES ');

-- --------------------------------------------------------

--
-- Estructura de tabla para la tabla `subrubro`
--

CREATE TABLE IF NOT EXISTS `subrubro` (
  `SUB_CORREL` tinyint(3) unsigned NOT NULL,
  `SUB_NOMBRE` varchar(150) COLLATE utf8_spanish_ci NOT NULL,
  `RUB_CORREL` tinyint(4) unsigned NOT NULL
) ENGINE=InnoDB AUTO_INCREMENT=134 DEFAULT CHARSET=utf8 COLLATE=utf8_spanish_ci;

--
-- Volcado de datos para la tabla `subrubro`
--

INSERT INTO `subrubro` (`SUB_CORREL`, `SUB_NOMBRE`, `RUB_CORREL`) VALUES
(1, 'CULTIVOS EN GENERAL; CULTIVO DE PRODUCTOS DE MERCADO; HORTICULTURA', 1),
(2, 'CRÍA DE ANIMALES', 1),
(3, 'CULTIVO PROD. AGRÍCOLAS EN COMBINACIÓN CON CRÍA DE ANIMALES', 1),
(4, 'ACTIVIDADES DE SERVICIOS AGRÍCOLAS Y GANADEROS', 1),
(5, 'CAZA ORDINARIA Y MEDIANTE TRAMPAS, REPOBLACIÓN, ACT. SERVICIO CONEXAS', 1),
(6, 'SILVICULTURA, EXTRACCIÓN DE MADERA Y ACTIVIDADES DE SERVICIOS CONEXAS', 1),
(7, 'EXPLT. DE CRIADEROS DE PECES Y PROD. DEL MAR; SERVICIOS RELACIONADOS', 2),
(8, 'PESCA EXTRACTIVA: Y SERVICIOS RELACIONADOS', 2),
(9, 'EXTRACCIÓN, AGLOMERACIÓN DE CARBÓN DE PIEDRA, LIGNITO Y TURBA', 3),
(10, 'EXTRACCIÓN DE PETRÓLEO CRUDO Y GAS NATURAL; ACTIVIDADES RELACIONADAS', 3),
(11, 'EXTRACCIÓN DE MINERALES METALÍFEROS', 3),
(12, 'EXPLOTACIÓN DE MINAS Y CANTERAS', 3),
(13, 'PRODUCCIÓN, PROCESAMIENTO Y CONSERVACIÓN DE ALIMENTOS', 4),
(14, 'ELABORACIÓN DE PRODUCTOS LÁCTEOS', 4),
(15, 'ELAB. DE PROD. DE MOLINERÍA, ALMIDONES Y PROD. DERIVADOS DEL ALMIDÓN', 4),
(16, 'ELABORACIÓN DE OTROS PRODUCTOS ALIMENTICIOS', 4),
(17, 'ELABORACIÓN DE BEBIDAS', 4),
(18, 'ELABORACIÓN DE PRODUCTOS DEL TABACO', 4),
(19, 'HILANDERÍA, TEJEDURA Y ACABADO DE PRODUCTOS TEXTILES', 4),
(20, 'FABRICACIÓN DE OTROS PRODUCTOS TEXTILES', 4),
(21, 'FABRICACIÓN DE TEJIDOS Y ARTÍCULOS DE PUNTO Y GANCHILLO', 4),
(22, 'FABRICACIÓN DE PRENDAS DE VESTIR; EXCEPTO PRENDAS DE PIEL', 4),
(23, 'PROCESAMIENTO Y FABRICACIÓN DE ARTÍCULOS DE PIEL Y CUERO', 4),
(24, 'FABRICACIÓN DE CALZADO', 4),
(25, 'ASERRADO Y ACEPILLADURA DE MADERAS', 4),
(26, 'FAB. DE PRODUCTOS DE MADERA Y CORCHO,  PAJA Y DE MATERIALES TRENZABLES', 4),
(27, 'FABRICACIÓN DE PAPEL Y PRODUCTOS DEL PAPEL', 4),
(28, 'ACTIVIDADES DE EDICIÓN', 4),
(29, 'ACTIVIDADES DE IMPRESIÓN Y DE SERVICIOS CONEXOS', 4),
(30, 'FABRICACIÓN DE PRODUCTOS DE HORNOS COQUE Y DE REFINACIÓN DE PETRÓLEO', 4),
(31, 'ELABORACIÓN DE COMBUSTIBLE NUCLEAR', 4),
(32, 'FABRICACIÓN DE SUSTANCIAS QUÍMICAS BÁSICAS', 4),
(33, 'FABRICACIÓN DE OTROS PRODUCTOS QUÍMICOS', 4),
(34, 'FABRICACIÓN DE FIBRAS MANUFACTURADAS', 4),
(35, 'FABRICACIÓN DE PRODUCTOS DE CAUCHO', 4),
(36, 'FABRICACIÓN DE PRODUCTOS DE PLÁSTICO', 4),
(37, 'FABRICACIÓN DE VIDRIOS Y PRODUCTOS DE VIDRIO', 4),
(38, 'FABRICACIÓN DE PRODUCTOS MINERALES NO METÁLICOS N.C.P.', 4),
(39, 'INDUSTRIAS BÁSICAS DE HIERRO Y ACERO', 5),
(40, 'FAB. DE PRODUCTOS PRIMARIOS DE METALES PRECIOSOS Y METALES NO FERROSOS ', 5),
(41, 'FUNDICIÓN DE METALES ', 5),
(42, 'FAB. DE PROD. METÁLICOS PARA USO ESTRUCTURAL ', 5),
(43, 'FAB. DE OTROS PROD. ELABORADOS DE METAL; ACT. DE TRABAJO DE METALES ', 5),
(44, 'FABRICACIÓN DE MAQUINARIA DE USO GENERAL ', 5),
(45, 'FABRICACIÓN DE MAQUINARIA DE USO ESPECIAL ', 5),
(46, 'FABRICACIÓN DE APARATOS DE USO DOMÉSTICO N.C.P. ', 5),
(47, 'FABRICACIÓN DE MAQUINARIA DE OFICINA, CONTABILIDAD E INFORMÁTICA ', 5),
(48, 'FAB. Y REPARACIÓN DE MOTORES, GENERADORES Y TRANSFORMADORES ELÉCTRICOS ', 5),
(49, 'FABRICACIÓN DE APARATOS DE DISTRIBUCIÓN Y CONTROL; SUS REPARACIONES ', 5),
(50, 'FABRICACIÓN DE HILOS Y CABLES AISLADOS ', 5),
(51, 'FABRICACIÓN DE ACUMULADORES DE PILAS Y BATERÍAS PRIMARIAS ', 5),
(52, 'FABRICACIÓN Y REPARACIÓN DE LÁMPARAS Y EQUIPO DE ILUMINACIÓN ', 5),
(53, 'FABRICACIÓN Y REPARACIÓN DE OTROS TIPOS DE EQUIPO ELÉCTRICO N.C.P. ', 5),
(54, 'FABRICACIÓN DE COMPONENTES ELECTRÓNICOS; SUS REPARACIONES ', 5),
(55, 'FAB. Y REPARACIÓN DE TRANSMISORES DE RADIO, TELEVISIÓN, TELEFONÍA ', 5),
(56, 'FAB. DE RECEPTORES DE RADIO, TELEVISIÓN, APARATOS DE AUDIO/VÍDEO ', 5),
(57, 'FAB. DE APARATOS E INSTRUMENTOS MÉDICOS Y PARA REALIZAR MEDICIONES ', 5),
(58, 'FAB. Y REPARACIÓN DE INSTRUMENTOS DE ÓPTICA Y EQUIPO FOTOGRÁFICO ', 5),
(59, 'FABRICACIÓN DE RELOJES ', 5),
(60, 'FABRICACIÓN DE VEHÍCULOS AUTOMOTORES ', 5),
(61, 'CONSTRUCCIÓN Y REPARACIÓN DE BUQUES Y OTRAS EMBARCACIONES ', 5),
(62, 'FAB. DE LOCOMOTORAS Y MATERIAL RODANTE PARA FERROCARRILES Y TRANVÍAS ', 5),
(63, 'FABRICACIÓN DE AERONAVES Y NAVES ESPACIALES; SUS REPARACIONES ', 5),
(64, 'FABRICACIÓN DE OTROS TIPOS DE EQUIPO DE TRANSPORTE N.C.P. ', 5),
(65, 'FABRICACIÓN DE MUEBLES ', 5),
(66, 'INDUSTRIAS MANUFACTURERAS N.C.P. ', 5),
(67, 'RECICLAMIENTO DE DESPERDICIOS Y DESECHOS ', 5),
(68, 'GENERACIÓN, CAPTACIÓN Y DISTRIBUCIÓN DE ENERGÍA ELÉCTRICA ', 6),
(69, 'FABRICACIÓN DE GAS; DISTRIBUCIÓN DE COMBUSTIBLES GASEOSOS POR TUBERÍAS ', 6),
(70, 'SUMINISTRO DE VAPOR Y AGUA CALIENTE ', 6),
(71, 'CAPTACIÓN, DEPURACIÓN Y DISTRIBUCIÓN DE AGUA ', 6),
(72, 'CONSTRUCCIÓN ', 7),
(73, 'VENTA DE VEHÍCULOS AUTOMOTORES ', 8),
(74, 'MANTENIMIENTO Y REPARACIÓN DE VEHÍCULOS AUTOMOTORES ', 8),
(75, 'VENTA DE PARTES, PIEZAS Y ACCESORIOS DE VEHÍCULOS AUTOMOTORES ', 8),
(76, 'VENTA, MANTENIMIENTO Y REPARACIÓN DE MOTOCICLETAS Y SUS PARTES ', 8),
(77, 'VENTA AL POR MENOR DE COMBUSTIBLE PARA AUTOMOTORES ', 8),
(78, 'VENTA AL POR MAYOR A CAMBIO DE UNA RETRIBUCIÓN O POR CONTRATA ', 8),
(79, 'VENTA AL POR MAYOR DE MATERIAS PRIMAS AGROPECUARIAS ', 8),
(80, 'VENTA AL POR MAYOR DE ENSERES DOMÉSTICOS ', 8),
(81, 'VENTA AL POR MAYOR DE PRODUCTOS INTERMEDIOS, DESECHOS NO AGROPECUARIOS ', 8),
(82, 'VENTA AL POR MAYOR DE MAQUINARIA, EQUIPO Y MATERIALES CONEXOS ', 8),
(83, 'VENTA AL POR MAYOR DE OTROS PRODUCTOS ', 8),
(84, 'COMERCIO AL POR MENOR NO ESPECIALIZADO EN ALMACENES ', 8),
(85, 'VENTA POR MENOR DE ALIMENTOS, BEBIDAS, TABACOS EN ALMC. ESPECIALIZADOS ', 8),
(86, 'COMERCIO AL POR MENOR DE OTROS PROD. NUEVOS EN ALMC. ESPECIALIZADOS ', 8),
(87, 'VENTA AL POR MENOR EN ALMACENES DE ARTÍCULOS USADOS ', 8),
(88, 'COMERCIO AL POR MENOR NO REALIZADO EN ALMACENES ', 8),
(89, 'REPARACIÓN DE EFECTOS PERSONALES Y ENSERES DOMÉSTICOS ', 8),
(90, 'HOTELES; CAMPAMENTOS Y OTROS TIPOS DE HOSPEDAJE TEMPORAL ', 9),
(91, 'RESTAURANTES, BARES Y CANTINAS ', 9),
(92, 'TRANSPORTE POR FERROCARRILES ', 10),
(93, 'OTROS TIPOS DE TRANSPORTE POR VÍA TERRESTRE ', 10),
(94, 'TRANSPORTE POR TUBERÍAS ', 10),
(95, 'TRANSPORTE MARÍTIMO Y DE CABOTAJE ', 10),
(96, 'TRANSPORTE POR VÍAS DE NAVEGACIÓN INTERIORES ', 10),
(97, 'TRANSPORTE POR VÍA AÉREA ', 10),
(98, 'ACT. DE TRANSPORTE COMPLEMENTARIAS Y AUXILIARES; AGENCIAS DE VIAJE ', 10),
(99, 'ACTIVIDADES POSTALES Y DE CORREO ', 10),
(100, 'TELECOMUNICACIONES ', 10),
(101, 'INTERMEDIACIÓN MONETARIA ', 11),
(102, 'OTROS TIPOS DE INTERMEDIACIÓN FINANCIERA ', 11),
(103, 'FINANCIACIÓN PLANES DE SEG. Y DE PENSIONES, EXCEPTO AFILIACIÓN OBLIG. ', 11),
(104, 'ACT. AUX. DE LA INTERMEDIACIÓN FINANCIERA, EXCEPTO PLANES DE SEGUROS ', 11),
(105, 'ACT. AUXILIARES DE FINANCIACIÓN DE PLANES DE SEGUROS Y DE PENSIONES ', 11),
(106, 'ACTIVIDADES INMOBILIARIAS REALIZADAS CON BIENES PROPIOS O ARRENDADOS ', 12),
(107, 'ACT. INMOBILIARIAS REALIZADAS A CAMBIO DE RETRIBUCIÓN O POR CONTRATA ', 12),
(108, 'ALQUILER EQUIPO DE TRANSPORTE ', 12),
(109, 'ALQUILER DE OTROS TIPOS DE MAQUINARIA Y EQUIPO ', 12),
(110, 'ALQUILER DE EFECTOS PERSONALES Y ENSERES DOMÉSTICOS N.C.P. ', 12),
(111, 'SERVICIOS INFORMÁTICOS ', 12),
(112, 'MANTENIMIENTO Y REPARACIÓN DE MAQUINARIA DE OFICINA ', 12),
(113, 'ACTIVIDADES DE INVESTIGACIONES Y DESARROLLO EXPERIMENTAL ', 12),
(114, 'ACTIVIDADES JURÍDICAS Y DE ASESORAMIENTO EMPRESARIAL EN GENERAL ', 12),
(115, 'ACTIVIDADES DE ARQUITECTURA E INGENIERÍA Y OTRAS ACTIVIDADES TÉCNICAS ', 12),
(116, 'PUBLICIDAD ', 12),
(117, 'ACT. EMPRESARIALES Y DE PROFESIONALES PRESTADAS A EMPRESAS N.C.P. ', 12),
(118, 'GOBIERNO CENTRAL Y ADMINISTRACIÓN PÚBLICA ', 13),
(119, 'ACTIVIDADES DE PLANES DE SEGURIDAD SOCIAL DE AFILIACIÓN OBLIGATORIA ', 13),
(120, 'ENSEÑANZA PREESCOLAR, PRIMARIA, SECUNDARIA Y SUPERIOR ; PROFESORES ', 14),
(121, 'ACTIVIDADES RELACIONADAS CON LA SALUD HUMANA ', 15),
(122, 'ACTIVIDADES VETERINARIAS ', 15),
(123, 'ACTIVIDADES DE SERVICIOS SOCIALES ', 15),
(124, 'ELIMINACIÓN DE DESPERDICIOS Y AGUAS RESIDUALES, SANEAMIENTO ', 16),
(125, 'ACT. DE ORGANIZACIONES EMPRESARIALES, PROFESIONALES Y DE EMPLEADORES ', 16),
(126, 'ACTIVIDADES DE SINDICATOS Y DE OTRAS ORGANIZACIONES ', 16),
(127, 'ACT. DE CINEMATOGRAFÍA, RADIO Y TV Y OTRAS ACT. DE ENTRETENIMIENTO ', 16),
(128, 'ACTIVIDADES DE AGENCIAS DE NOTICIAS Y SERVICIOS PERIODÍSTICOS ', 16),
(129, 'ACTIVIDADES DE BIBLIOTECAS, ARCHIVOS Y MUSEOS Y OTRAS ACT. CULTURALES ', 16),
(130, 'ACTIVIDADES DEPORTIVAS Y OTRAS ACTIVIDADES DE ESPARCIMIENTO ', 16),
(131, 'OTRAS ACTIVIDADES DE SERVICIOS ', 16),
(132, 'CONSEJO DE ADMINISTRACIÓN DE EDIFICIOS Y CONDOMINIOS ', 17),
(133, 'ORGANIZACIONES Y ÓRGANOS EXTRATERRITORIALES', 18);

-- --------------------------------------------------------

--
-- Estructura de tabla para la tabla `tipo`
--

CREATE TABLE IF NOT EXISTS `tipo` (
  `TIP_CORREL` int(10) unsigned NOT NULL,
  `CAR_CORREL` int(10) unsigned NOT NULL,
  `TIP_NOMBRE` varchar(200) COLLATE utf8_spanish_ci NOT NULL
) ENGINE=InnoDB DEFAULT CHARSET=utf8 COLLATE=utf8_spanish_ci;

-- --------------------------------------------------------

--
-- Estructura de tabla para la tabla `usu_has_act`
--

CREATE TABLE IF NOT EXISTS `usu_has_act` (
  `ACT_CORREL` int(10) unsigned NOT NULL,
  `PER_CORREL` int(10) unsigned NOT NULL,
  `TIPO` enum('DENY','ALLOW') COLLATE utf8_spanish_ci NOT NULL DEFAULT 'ALLOW'
) ENGINE=InnoDB DEFAULT CHARSET=utf8 COLLATE=utf8_spanish_ci;

-- --------------------------------------------------------

--
-- Estructura de tabla para la tabla `usu_has_rol`
--

CREATE TABLE IF NOT EXISTS `usu_has_rol` (
  `ROL_CORREL` int(10) unsigned NOT NULL,
  `PER_CORREL` int(10) unsigned NOT NULL
) ENGINE=InnoDB DEFAULT CHARSET=utf8 COLLATE=utf8_spanish_ci;

--
-- Volcado de datos para la tabla `usu_has_rol`
--

INSERT INTO `usu_has_rol` (`ROL_CORREL`, `PER_CORREL`) VALUES
(3, 2);

-- --------------------------------------------------------

--
-- Estructura Stand-in para la vista `usu_permisos`
--
CREATE TABLE IF NOT EXISTS `usu_permisos` (
`PER_CORREL` int(11) unsigned
,`ACT_NOMBRE` varchar(200)
,`CON_NOMBRE` varchar(200)
,`TIPO` varchar(5)
);

-- --------------------------------------------------------

--
-- Estructura de tabla para la tabla `usuario`
--

CREATE TABLE IF NOT EXISTS `usuario` (
  `PER_CORREL` int(10) unsigned NOT NULL,
  `USU_ESTADO` enum('ACTIVO','INACTIVO') COLLATE utf8_spanish_ci NOT NULL DEFAULT 'ACTIVO',
  `USU_PASSWORD` varchar(200) COLLATE utf8_spanish_ci DEFAULT NULL,
  `USU_CREATE` timestamp NOT NULL DEFAULT CURRENT_TIMESTAMP,
  `USU_MODIFIED` timestamp NOT NULL DEFAULT CURRENT_TIMESTAMP ON UPDATE CURRENT_TIMESTAMP
) ENGINE=InnoDB DEFAULT CHARSET=utf8 COLLATE=utf8_spanish_ci;

--
-- Volcado de datos para la tabla `usuario`
--

INSERT INTO `usuario` (`PER_CORREL`, `USU_ESTADO`, `USU_PASSWORD`, `USU_CREATE`, `USU_MODIFIED`) VALUES
(2, 'ACTIVO', '1234567', '2015-07-30 00:58:17', '2015-08-01 21:02:01'),
(3, 'ACTIVO', '123456', '2015-08-01 21:17:32', '2015-08-01 21:17:32');

-- --------------------------------------------------------

--
-- Estructura para la vista `usu_permisos`
--
DROP TABLE IF EXISTS `usu_permisos`;

CREATE ALGORITHM=UNDEFINED DEFINER=`root`@`localhost` SQL SECURITY DEFINER VIEW `usu_permisos` AS select `usuario`.`PER_CORREL` AS `PER_CORREL`,`action`.`ACT_NOMBRE` AS `ACT_NOMBRE`,`controller`.`CON_NOMBRE` AS `CON_NOMBRE`,`usu_has_act`.`TIPO` AS `TIPO` from (((`usuario` join `usu_has_act` on((`usuario`.`PER_CORREL` = `usu_has_act`.`PER_CORREL`))) join `action` on((`usu_has_act`.`ACT_CORREL` = `action`.`ACT_CORREL`))) join `controller` on((`action`.`CON_CORREL` = `controller`.`CON_CORREL`))) union all select `u`.`PER_CORREL` AS `PER_CORREL`,`a`.`ACT_NOMBRE` AS `ACT_NOMBRE`,`c`.`CON_NOMBRE` AS `CON_NOMBRE`,'ALLOW' AS `TIPO` from (((((`usuario` `u` join `usu_has_rol` on((`u`.`PER_CORREL` = `usu_has_rol`.`PER_CORREL`))) join `role` on((`usu_has_rol`.`ROL_CORREL` = `role`.`ROL_CORREL`))) join `rol_has_action` on((`role`.`ROL_CORREL` = `rol_has_action`.`ROL_CORREL`))) join `action` `a` on((`rol_has_action`.`ACT_CORREL` = `a`.`ACT_CORREL`))) join `controller` `c` on((`a`.`CON_CORREL` = `c`.`CON_CORREL`))) where (not(exists(select 1 from `usu_has_act` `ua` where ((`u`.`PER_CORREL` = `ua`.`PER_CORREL`) and (`a`.`ACT_CORREL` = `ua`.`ACT_CORREL`)))));

--
-- Índices para tablas volcadas
--

--
-- Indices de la tabla `action`
--
ALTER TABLE `action`
  ADD PRIMARY KEY (`ACT_CORREL`),
  ADD KEY `FK_RELATIONSHIP_21` (`CON_CORREL`);

--
-- Indices de la tabla `actividad`
--
ALTER TABLE `actividad`
  ADD PRIMARY KEY (`ACT_CORREL`);

--
-- Indices de la tabla `antecedentes_proyecto`
--
ALTER TABLE `antecedentes_proyecto`
  ADD PRIMARY KEY (`A_PRO_CORREL`),
  ADD KEY `FK_RELATIONSHIP_10` (`PRO_CORREL`);

--
-- Indices de la tabla `base`
--
ALTER TABLE `base`
  ADD PRIMARY KEY (`BAS_CORREL`);

--
-- Indices de la tabla `categoria`
--
ALTER TABLE `categoria`
  ADD PRIMARY KEY (`CAR_CORREL`);

--
-- Indices de la tabla `comuna`
--
ALTER TABLE `comuna`
  ADD PRIMARY KEY (`COM_CORREL`),
  ADD KEY `FK_RELATIONSHIP_28` (`REG_CORREL`);

--
-- Indices de la tabla `controller`
--
ALTER TABLE `controller`
  ADD PRIMARY KEY (`CON_CORREL`);

--
-- Indices de la tabla `departamento`
--
ALTER TABLE `departamento`
  ADD PRIMARY KEY (`DEP_CORREL`),
  ADD KEY `FK_RELATIONSHIP_9` (`EMP_CORREL`);

--
-- Indices de la tabla `detalle`
--
ALTER TABLE `detalle`
  ADD PRIMARY KEY (`DET_CORREL`),
  ADD KEY `FK_RELATIONSHIP_51` (`PROP_CORREL`),
  ADD KEY `FK_RELATIONSHIP_52` (`INF_CORREL`),
  ADD KEY `FK_RELATIONSHIP_53` (`PRO_CORREL`);

--
-- Indices de la tabla `documento`
--
ALTER TABLE `documento`
  ADD PRIMARY KEY (`DOC_CORREL`),
  ADD KEY `FK_RELATIONSHIP_27` (`PROP_CORREL`),
  ADD KEY `FK_RELATIONSHIP_45` (`DOC_ANTERIOR`);

--
-- Indices de la tabla `emp_has_act`
--
ALTER TABLE `emp_has_act`
  ADD PRIMARY KEY (`ACT_CORREL`,`EMP_CORREL`) USING BTREE,
  ADD KEY `EMP_CORREL` (`EMP_CORREL`);

--
-- Indices de la tabla `emp_has_bas`
--
ALTER TABLE `emp_has_bas`
  ADD PRIMARY KEY (`BAS_CORREL`,`EMP_CORREL`),
  ADD KEY `FK_RELATIONSHIP_58` (`EMP_CORREL`);

--
-- Indices de la tabla `emp_has_rol`
--
ALTER TABLE `emp_has_rol`
  ADD PRIMARY KEY (`EMP_CORREL`,`ROL_CORREL`),
  ADD KEY `FK_RELATIONSHIP_40` (`ROL_CORREL`);

--
-- Indices de la tabla `empresa`
--
ALTER TABLE `empresa`
  ADD PRIMARY KEY (`EMP_CORREL`),
  ADD KEY `FK_RELATIONSHIP_29` (`COM_CORREL`);

--
-- Indices de la tabla `est_propuesta`
--
ALTER TABLE `est_propuesta`
  ADD PRIMARY KEY (`E_PRO_CORREL`);

--
-- Indices de la tabla `est_proyecto`
--
ALTER TABLE `est_proyecto`
  ADD PRIMARY KEY (`E_PRO_CORREL`);

--
-- Indices de la tabla `evalua`
--
ALTER TABLE `evalua`
  ADD PRIMARY KEY (`BAS_CORREL`,`PER_CORREL`),
  ADD KEY `FK_RELATIONSHIP_32` (`PER_CORREL`);

--
-- Indices de la tabla `f_documentos`
--
ALTER TABLE `f_documentos`
  ADD PRIMARY KEY (`F_DOC_CORREL`),
  ADD KEY `FK_RELATIONSHIP_43` (`FOR_CORREL`),
  ADD KEY `FK_RELATIONSHIP_44` (`F_DOC_ANTERIOR`);

--
-- Indices de la tabla `for_has_base`
--
ALTER TABLE `for_has_base`
  ADD PRIMARY KEY (`BAS_CORREL`,`FOR_CORREL`),
  ADD KEY `FK_EMP_HAS_BAS` (`FOR_CORREL`);

--
-- Indices de la tabla `formulario`
--
ALTER TABLE `formulario`
  ADD PRIMARY KEY (`FOR_CORREL`),
  ADD KEY `FK_RELATIONSHIP_2` (`PRO_CORREL`);

--
-- Indices de la tabla `informe_ejecutivo`
--
ALTER TABLE `informe_ejecutivo`
  ADD PRIMARY KEY (`INF_CORREL`);

--
-- Indices de la tabla `item_propuesta`
--
ALTER TABLE `item_propuesta`
  ADD PRIMARY KEY (`I_PRO_CORREL`),
  ADD KEY `FK_RELATIONSHIP_26` (`PROP_CORREL`),
  ADD KEY `FK_RELATIONSHIP_30` (`PER_CORREL`);

--
-- Indices de la tabla `p_documento`
--
ALTER TABLE `p_documento`
  ADD PRIMARY KEY (`P_DOC_CORREL`),
  ADD KEY `FK_EVALUA` (`I_PRO_CORREL`),
  ADD KEY `FK_RELATIONSHIP_46` (`P_COC_ANTERIOR`);

--
-- Indices de la tabla `persona`
--
ALTER TABLE `persona`
  ADD PRIMARY KEY (`PER_CORREL`),
  ADD KEY `FK_RELATIONSHIP_49` (`COM_CORREL`),
  ADD KEY `FK_RELATIONSHIP_6` (`EMP_CORREL`);

--
-- Indices de la tabla `plan_estrategico`
--
ALTER TABLE `plan_estrategico`
  ADD PRIMARY KEY (`P_EST_CORREL`),
  ADD KEY `FK_RELATIONSHIP_11` (`EMP_CORREL`);

--
-- Indices de la tabla `propuesta`
--
ALTER TABLE `propuesta`
  ADD PRIMARY KEY (`PROP_CORREL`),
  ADD KEY `FK_RELATIONSHIP_24` (`PER_CORREL`),
  ADD KEY `FK_RELATIONSHIP_42` (`E_PRO_CORREL`),
  ADD KEY `FK_RELATIONSHIP_5` (`PRO_CORREL`),
  ADD KEY `FK_RELATIONSHIP_50` (`EMP_CORREL`),
  ADD KEY `FK_RELATIONSHIP_54` (`PER_PER_CORREL`);

--
-- Indices de la tabla `proyecto`
--
ALTER TABLE `proyecto`
  ADD PRIMARY KEY (`PRO_CORREL`),
  ADD KEY `FK_RELATIONSHIP_1` (`EMP_CORREL`),
  ADD KEY `FK_RELATIONSHIP_12` (`P_EST_CORREL`),
  ADD KEY `FK_RELATIONSHIP_13` (`PER_CORREL`),
  ADD KEY `FK_RELATIONSHIP_34` (`TIP_CORREL`),
  ADD KEY `FK_EMP_HAS_ROL` (`E_PRO_CORREL`),
  ADD KEY `FK_RELATIONSHIP_47` (`A_PRO_CORREL`);

--
-- Indices de la tabla `rechazo_propuesta`
--
ALTER TABLE `rechazo_propuesta`
  ADD PRIMARY KEY (`REZ_CORREL`),
  ADD KEY `FK_RELATIONSHIP_48` (`PROP_CORREL`);

--
-- Indices de la tabla `region`
--
ALTER TABLE `region`
  ADD PRIMARY KEY (`REG_CORREL`);

--
-- Indices de la tabla `rol_has_action`
--
ALTER TABLE `rol_has_action`
  ADD PRIMARY KEY (`ROL_CORREL`,`ACT_CORREL`),
  ADD KEY `FK_RELATIONSHIP_19` (`ACT_CORREL`);

--
-- Indices de la tabla `role`
--
ALTER TABLE `role`
  ADD PRIMARY KEY (`ROL_CORREL`);

--
-- Indices de la tabla `rubro`
--
ALTER TABLE `rubro`
  ADD PRIMARY KEY (`RUB_CORREL`);

--
-- Indices de la tabla `subrubro`
--
ALTER TABLE `subrubro`
  ADD PRIMARY KEY (`SUB_CORREL`);

--
-- Indices de la tabla `tipo`
--
ALTER TABLE `tipo`
  ADD PRIMARY KEY (`TIP_CORREL`),
  ADD KEY `FK_RELATIONSHIP_35` (`CAR_CORREL`);

--
-- Indices de la tabla `usu_has_act`
--
ALTER TABLE `usu_has_act`
  ADD PRIMARY KEY (`ACT_CORREL`),
  ADD KEY `FK_RELATIONSHIP_38` (`PER_CORREL`);

--
-- Indices de la tabla `usu_has_rol`
--
ALTER TABLE `usu_has_rol`
  ADD PRIMARY KEY (`ROL_CORREL`),
  ADD KEY `FK_RELATIONSHIP_37` (`PER_CORREL`);

--
-- Indices de la tabla `usuario`
--
ALTER TABLE `usuario`
  ADD PRIMARY KEY (`PER_CORREL`);

--
-- AUTO_INCREMENT de las tablas volcadas
--

--
-- AUTO_INCREMENT de la tabla `action`
--
ALTER TABLE `action`
  MODIFY `ACT_CORREL` int(10) unsigned NOT NULL AUTO_INCREMENT,AUTO_INCREMENT=28;
--
-- AUTO_INCREMENT de la tabla `antecedentes_proyecto`
--
ALTER TABLE `antecedentes_proyecto`
  MODIFY `A_PRO_CORREL` int(10) unsigned NOT NULL AUTO_INCREMENT;
--
-- AUTO_INCREMENT de la tabla `base`
--
ALTER TABLE `base`
  MODIFY `BAS_CORREL` int(10) unsigned NOT NULL AUTO_INCREMENT;
--
-- AUTO_INCREMENT de la tabla `categoria`
--
ALTER TABLE `categoria`
  MODIFY `CAR_CORREL` int(10) unsigned NOT NULL AUTO_INCREMENT;
--
-- AUTO_INCREMENT de la tabla `comuna`
--
ALTER TABLE `comuna`
  MODIFY `COM_CORREL` int(10) unsigned NOT NULL AUTO_INCREMENT,AUTO_INCREMENT=412;
--
-- AUTO_INCREMENT de la tabla `controller`
--
ALTER TABLE `controller`
  MODIFY `CON_CORREL` int(10) unsigned NOT NULL AUTO_INCREMENT,AUTO_INCREMENT=5;
--
-- AUTO_INCREMENT de la tabla `departamento`
--
ALTER TABLE `departamento`
  MODIFY `DEP_CORREL` int(10) unsigned NOT NULL AUTO_INCREMENT;
--
-- AUTO_INCREMENT de la tabla `detalle`
--
ALTER TABLE `detalle`
  MODIFY `DET_CORREL` int(10) unsigned NOT NULL AUTO_INCREMENT;
--
-- AUTO_INCREMENT de la tabla `documento`
--
ALTER TABLE `documento`
  MODIFY `DOC_CORREL` int(10) unsigned NOT NULL AUTO_INCREMENT;
--
-- AUTO_INCREMENT de la tabla `empresa`
--
ALTER TABLE `empresa`
  MODIFY `EMP_CORREL` int(10) unsigned NOT NULL AUTO_INCREMENT,AUTO_INCREMENT=14;
--
-- AUTO_INCREMENT de la tabla `est_propuesta`
--
ALTER TABLE `est_propuesta`
  MODIFY `E_PRO_CORREL` int(10) unsigned NOT NULL AUTO_INCREMENT;
--
-- AUTO_INCREMENT de la tabla `f_documentos`
--
ALTER TABLE `f_documentos`
  MODIFY `F_DOC_CORREL` int(10) unsigned NOT NULL AUTO_INCREMENT;
--
-- AUTO_INCREMENT de la tabla `formulario`
--
ALTER TABLE `formulario`
  MODIFY `FOR_CORREL` int(10) unsigned NOT NULL AUTO_INCREMENT;
--
-- AUTO_INCREMENT de la tabla `item_propuesta`
--
ALTER TABLE `item_propuesta`
  MODIFY `I_PRO_CORREL` int(10) unsigned NOT NULL AUTO_INCREMENT;
--
-- AUTO_INCREMENT de la tabla `p_documento`
--
ALTER TABLE `p_documento`
  MODIFY `P_DOC_CORREL` int(10) unsigned NOT NULL AUTO_INCREMENT;
--
-- AUTO_INCREMENT de la tabla `persona`
--
ALTER TABLE `persona`
  MODIFY `PER_CORREL` int(10) unsigned NOT NULL AUTO_INCREMENT,AUTO_INCREMENT=4;
--
-- AUTO_INCREMENT de la tabla `plan_estrategico`
--
ALTER TABLE `plan_estrategico`
  MODIFY `P_EST_CORREL` int(10) unsigned NOT NULL AUTO_INCREMENT;
--
-- AUTO_INCREMENT de la tabla `propuesta`
--
ALTER TABLE `propuesta`
  MODIFY `PROP_CORREL` int(10) unsigned NOT NULL AUTO_INCREMENT;
--
-- AUTO_INCREMENT de la tabla `proyecto`
--
ALTER TABLE `proyecto`
  MODIFY `PRO_CORREL` int(10) unsigned NOT NULL AUTO_INCREMENT;
--
-- AUTO_INCREMENT de la tabla `rechazo_propuesta`
--
ALTER TABLE `rechazo_propuesta`
  MODIFY `REZ_CORREL` int(10) unsigned NOT NULL AUTO_INCREMENT;
--
-- AUTO_INCREMENT de la tabla `region`
--
ALTER TABLE `region`
  MODIFY `REG_CORREL` int(10) unsigned NOT NULL AUTO_INCREMENT,AUTO_INCREMENT=16;
--
-- AUTO_INCREMENT de la tabla `role`
--
ALTER TABLE `role`
  MODIFY `ROL_CORREL` int(10) unsigned NOT NULL AUTO_INCREMENT,AUTO_INCREMENT=9;
--
-- AUTO_INCREMENT de la tabla `subrubro`
--
ALTER TABLE `subrubro`
  MODIFY `SUB_CORREL` tinyint(3) unsigned NOT NULL AUTO_INCREMENT,AUTO_INCREMENT=134;
--
-- AUTO_INCREMENT de la tabla `tipo`
--
ALTER TABLE `tipo`
  MODIFY `TIP_CORREL` int(10) unsigned NOT NULL AUTO_INCREMENT;
--
-- Restricciones para tablas volcadas
--

--
-- Filtros para la tabla `action`
--
ALTER TABLE `action`
  ADD CONSTRAINT `FK_RELATIONSHIP_21` FOREIGN KEY (`CON_CORREL`) REFERENCES `controller` (`CON_CORREL`);

--
-- Filtros para la tabla `antecedentes_proyecto`
--
ALTER TABLE `antecedentes_proyecto`
  ADD CONSTRAINT `FK_RELATIONSHIP_10` FOREIGN KEY (`PRO_CORREL`) REFERENCES `proyecto` (`PRO_CORREL`);

--
-- Filtros para la tabla `comuna`
--
ALTER TABLE `comuna`
  ADD CONSTRAINT `FK_RELATIONSHIP_28` FOREIGN KEY (`REG_CORREL`) REFERENCES `region` (`REG_CORREL`);

--
-- Filtros para la tabla `departamento`
--
ALTER TABLE `departamento`
  ADD CONSTRAINT `FK_RELATIONSHIP_9` FOREIGN KEY (`EMP_CORREL`) REFERENCES `empresa` (`EMP_CORREL`);

--
-- Filtros para la tabla `detalle`
--
ALTER TABLE `detalle`
  ADD CONSTRAINT `FK_RELATIONSHIP_51` FOREIGN KEY (`PROP_CORREL`) REFERENCES `propuesta` (`PROP_CORREL`),
  ADD CONSTRAINT `FK_RELATIONSHIP_52` FOREIGN KEY (`INF_CORREL`) REFERENCES `informe_ejecutivo` (`INF_CORREL`),
  ADD CONSTRAINT `FK_RELATIONSHIP_53` FOREIGN KEY (`PRO_CORREL`) REFERENCES `proyecto` (`PRO_CORREL`);

--
-- Filtros para la tabla `documento`
--
ALTER TABLE `documento`
  ADD CONSTRAINT `FK_RELATIONSHIP_27` FOREIGN KEY (`PROP_CORREL`) REFERENCES `propuesta` (`PROP_CORREL`),
  ADD CONSTRAINT `FK_RELATIONSHIP_45` FOREIGN KEY (`DOC_ANTERIOR`) REFERENCES `documento` (`DOC_CORREL`);

--
-- Filtros para la tabla `emp_has_act`
--
ALTER TABLE `emp_has_act`
  ADD CONSTRAINT `emp_has_act_ibfk_1` FOREIGN KEY (`EMP_CORREL`) REFERENCES `empresa` (`EMP_CORREL`) ON DELETE CASCADE ON UPDATE CASCADE;

--
-- Filtros para la tabla `emp_has_bas`
--
ALTER TABLE `emp_has_bas`
  ADD CONSTRAINT `FK_RELATIONSHIP_58` FOREIGN KEY (`EMP_CORREL`) REFERENCES `empresa` (`EMP_CORREL`),
  ADD CONSTRAINT `FK_RELATIONSHIP_59` FOREIGN KEY (`BAS_CORREL`) REFERENCES `base` (`BAS_CORREL`);

--
-- Filtros para la tabla `emp_has_rol`
--
ALTER TABLE `emp_has_rol`
  ADD CONSTRAINT `FK_RELATIONSHIP_40` FOREIGN KEY (`ROL_CORREL`) REFERENCES `role` (`ROL_CORREL`),
  ADD CONSTRAINT `FK_RELATIONSHIP_41` FOREIGN KEY (`EMP_CORREL`) REFERENCES `empresa` (`EMP_CORREL`);

--
-- Filtros para la tabla `empresa`
--
ALTER TABLE `empresa`
  ADD CONSTRAINT `FK_RELATIONSHIP_29` FOREIGN KEY (`COM_CORREL`) REFERENCES `comuna` (`COM_CORREL`);

--
-- Filtros para la tabla `evalua`
--
ALTER TABLE `evalua`
  ADD CONSTRAINT `FK_RELATIONSHIP_32` FOREIGN KEY (`PER_CORREL`) REFERENCES `persona` (`PER_CORREL`),
  ADD CONSTRAINT `FK_RELATIONSHIP_33` FOREIGN KEY (`BAS_CORREL`) REFERENCES `base` (`BAS_CORREL`);

--
-- Filtros para la tabla `f_documentos`
--
ALTER TABLE `f_documentos`
  ADD CONSTRAINT `FK_RELATIONSHIP_43` FOREIGN KEY (`FOR_CORREL`) REFERENCES `formulario` (`FOR_CORREL`),
  ADD CONSTRAINT `FK_RELATIONSHIP_44` FOREIGN KEY (`F_DOC_ANTERIOR`) REFERENCES `f_documentos` (`F_DOC_CORREL`);

--
-- Filtros para la tabla `for_has_base`
--
ALTER TABLE `for_has_base`
  ADD CONSTRAINT `FK_EMP_HAS_BAS` FOREIGN KEY (`FOR_CORREL`) REFERENCES `formulario` (`FOR_CORREL`),
  ADD CONSTRAINT `FK_RELATIONSHIP_57` FOREIGN KEY (`BAS_CORREL`) REFERENCES `base` (`BAS_CORREL`);

--
-- Filtros para la tabla `formulario`
--
ALTER TABLE `formulario`
  ADD CONSTRAINT `FK_RELATIONSHIP_2` FOREIGN KEY (`PRO_CORREL`) REFERENCES `proyecto` (`PRO_CORREL`);

--
-- Filtros para la tabla `item_propuesta`
--
ALTER TABLE `item_propuesta`
  ADD CONSTRAINT `FK_RELATIONSHIP_26` FOREIGN KEY (`PROP_CORREL`) REFERENCES `propuesta` (`PROP_CORREL`),
  ADD CONSTRAINT `FK_RELATIONSHIP_30` FOREIGN KEY (`PER_CORREL`) REFERENCES `persona` (`PER_CORREL`);

--
-- Filtros para la tabla `p_documento`
--
ALTER TABLE `p_documento`
  ADD CONSTRAINT `FK_EVALUA` FOREIGN KEY (`I_PRO_CORREL`) REFERENCES `item_propuesta` (`I_PRO_CORREL`),
  ADD CONSTRAINT `FK_RELATIONSHIP_46` FOREIGN KEY (`P_COC_ANTERIOR`) REFERENCES `p_documento` (`P_DOC_CORREL`);

--
-- Filtros para la tabla `persona`
--
ALTER TABLE `persona`
  ADD CONSTRAINT `FK_RELATIONSHIP_49` FOREIGN KEY (`COM_CORREL`) REFERENCES `comuna` (`COM_CORREL`),
  ADD CONSTRAINT `FK_RELATIONSHIP_6` FOREIGN KEY (`EMP_CORREL`) REFERENCES `empresa` (`EMP_CORREL`);

--
-- Filtros para la tabla `plan_estrategico`
--
ALTER TABLE `plan_estrategico`
  ADD CONSTRAINT `FK_RELATIONSHIP_11` FOREIGN KEY (`EMP_CORREL`) REFERENCES `empresa` (`EMP_CORREL`);

--
-- Filtros para la tabla `propuesta`
--
ALTER TABLE `propuesta`
  ADD CONSTRAINT `FK_RELATIONSHIP_24` FOREIGN KEY (`PER_CORREL`) REFERENCES `persona` (`PER_CORREL`),
  ADD CONSTRAINT `FK_RELATIONSHIP_42` FOREIGN KEY (`E_PRO_CORREL`) REFERENCES `est_propuesta` (`E_PRO_CORREL`),
  ADD CONSTRAINT `FK_RELATIONSHIP_5` FOREIGN KEY (`PRO_CORREL`) REFERENCES `proyecto` (`PRO_CORREL`),
  ADD CONSTRAINT `FK_RELATIONSHIP_50` FOREIGN KEY (`EMP_CORREL`) REFERENCES `empresa` (`EMP_CORREL`),
  ADD CONSTRAINT `FK_RELATIONSHIP_54` FOREIGN KEY (`PER_PER_CORREL`) REFERENCES `persona` (`PER_CORREL`);

--
-- Filtros para la tabla `proyecto`
--
ALTER TABLE `proyecto`
  ADD CONSTRAINT `FK_EMP_HAS_ROL` FOREIGN KEY (`E_PRO_CORREL`) REFERENCES `est_proyecto` (`E_PRO_CORREL`),
  ADD CONSTRAINT `FK_RELATIONSHIP_1` FOREIGN KEY (`EMP_CORREL`) REFERENCES `empresa` (`EMP_CORREL`),
  ADD CONSTRAINT `FK_RELATIONSHIP_12` FOREIGN KEY (`P_EST_CORREL`) REFERENCES `plan_estrategico` (`P_EST_CORREL`),
  ADD CONSTRAINT `FK_RELATIONSHIP_13` FOREIGN KEY (`PER_CORREL`) REFERENCES `persona` (`PER_CORREL`),
  ADD CONSTRAINT `FK_RELATIONSHIP_34` FOREIGN KEY (`TIP_CORREL`) REFERENCES `tipo` (`TIP_CORREL`),
  ADD CONSTRAINT `FK_RELATIONSHIP_47` FOREIGN KEY (`A_PRO_CORREL`) REFERENCES `antecedentes_proyecto` (`A_PRO_CORREL`);

--
-- Filtros para la tabla `rechazo_propuesta`
--
ALTER TABLE `rechazo_propuesta`
  ADD CONSTRAINT `FK_RELATIONSHIP_48` FOREIGN KEY (`PROP_CORREL`) REFERENCES `propuesta` (`PROP_CORREL`);

--
-- Filtros para la tabla `rol_has_action`
--
ALTER TABLE `rol_has_action`
  ADD CONSTRAINT `FK_RELATIONSHIP_20` FOREIGN KEY (`ROL_CORREL`) REFERENCES `role` (`ROL_CORREL`) ON DELETE CASCADE ON UPDATE CASCADE,
  ADD CONSTRAINT `FK_RELATIONSHIP_19` FOREIGN KEY (`ACT_CORREL`) REFERENCES `action` (`ACT_CORREL`) ON DELETE CASCADE ON UPDATE CASCADE;

--
-- Filtros para la tabla `tipo`
--
ALTER TABLE `tipo`
  ADD CONSTRAINT `FK_RELATIONSHIP_35` FOREIGN KEY (`CAR_CORREL`) REFERENCES `categoria` (`CAR_CORREL`);

--
-- Filtros para la tabla `usu_has_act`
--
ALTER TABLE `usu_has_act`
  ADD CONSTRAINT `FK_RELATIONSHIP_38` FOREIGN KEY (`PER_CORREL`) REFERENCES `usuario` (`PER_CORREL`) ON DELETE CASCADE ON UPDATE CASCADE,
  ADD CONSTRAINT `FK_RELATIONSHIP_22` FOREIGN KEY (`ACT_CORREL`) REFERENCES `action` (`ACT_CORREL`) ON DELETE CASCADE ON UPDATE CASCADE;

--
-- Filtros para la tabla `usu_has_rol`
--
ALTER TABLE `usu_has_rol`
  ADD CONSTRAINT `FK_RELATIONSHIP_17` FOREIGN KEY (`ROL_CORREL`) REFERENCES `role` (`ROL_CORREL`),
  ADD CONSTRAINT `FK_RELATIONSHIP_37` FOREIGN KEY (`PER_CORREL`) REFERENCES `usuario` (`PER_CORREL`);

--
-- Filtros para la tabla `usuario`
--
ALTER TABLE `usuario`
  ADD CONSTRAINT `FK_RELATIONSHIP_36` FOREIGN KEY (`PER_CORREL`) REFERENCES `persona` (`PER_CORREL`) ON DELETE CASCADE ON UPDATE CASCADE;

/*!40101 SET CHARACTER_SET_CLIENT=@OLD_CHARACTER_SET_CLIENT */;
/*!40101 SET CHARACTER_SET_RESULTS=@OLD_CHARACTER_SET_RESULTS */;
/*!40101 SET COLLATION_CONNECTION=@OLD_COLLATION_CONNECTION */;
